channel_id,github_link,linkedin_link,twitter_link,instagram_link,course_link,website_link
UCKWaEZ-_VweaEx1j62do_vQ,,,,,,https://ibm.biz/BdK65F
UCsvqVGtbbyHaMoevxPAq9Fg,,,,,,
UCWv7vMbMWH4-V0ZXdmDpPBA,,https://www.linkedin.com/school/codewithmosh/,https://twitter.com/moshhamedani,https://www.instagram.com/codewithmosh.official/,,https://www.youtube.com/channel/UCWv7vMbMWH4-V0ZXdmDpPBA/join
UCelp2mfpa0fors7HePAodoA,,https://www.linkedin.com/in/jeanklee/,,,,https://youtu.be/6MXJ1ZAGNFI
UCV0qA-eDDICsRR9rPcnG7tw,,,https://twitter.com/jomakaze,https://www.instagram.com/jomakaze/,,https://www.facebook.com/jomakaze
UCKWaEZ-_VweaEx1j62do_vQ,,,,,,https://ibm.biz/BdSPGc
UCh9nVJoWXmFb7sLApWGcLPQ,,https://www.linkedin.com/in/dhavalsays/,https://twitter.com/codebasicshub,https://www.instagram.com/dhavalsays/,,https://www.youtube.com/watch?v=ER2It2mIagI
UCzAF54cHk1ZO82af-8E3qOQ,,,,,,https://careerfoundry.com/en/blog/
UCsvqVGtbbyHaMoevxPAq9Fg,,,,,https://www.simplilearn.com/data-science-course?utm_campaign=X3paOmcrTjQ&utm_medium=DescriptionFirstFold&utm_source=Youtube,https://www.simplilearn.com/pgp-data-science-certification-bootcamp-program?utm_campaign=X3paOmcrTjQ&utm_medium=DescriptionFirstFold&utm_source=Youtube
UCJQJAI7IjbLcpsjWdSzYz0Q,,,,,https://python-course-earlybird.framer.website/?&utm_source=dsbooksbg,https://thu-vu.ck.page/49c5ee08f6
UCLLw7jmFsvfIVaUFsLs8mlQ,,https://www.linkedin.com/in/luke-b/,https://twitter.com/LukeBarousse,https://www.instagram.com/lukebarousse/,https://kit.co/lukebarousse/data-analytics-courses,https://lukeb.co/GoogleCert
UCm5mt-A4w61lknZ9lCsZtBw,,,,,,http://databookuw.com/
UCKWaEZ-_VweaEx1j62do_vQ,,,,,,https://ibm.biz/BdniBn
UC8butISFwT-Wl7EV0hUK0BQ,,,,,,https://www.youtube.com/user/datalabcc
UCteRPiisgIoHtMgqHegpWAQ,,,https://twitter.com/sundaskhalid6,https://instagram.com/sundaskhalidd,,https://clickhubspot.com/rbi
UC8butISFwT-Wl7EV0hUK0BQ,,,,,,https://scrimba.com/freeCodeCamp-Career
UCZ50rYSkYQG31YDEJm9Di_g,,,,,,https://bit.ly/4hvUS1c
UCteRPiisgIoHtMgqHegpWAQ,,https://www.linkedin.com/in/sundaskhalid,https://www.twitter.com/sundaskhalid6,https://www.instagram.com/sundaskhalidd,,https://clickhubspot.com/cw0
UCkw4JCwteGrDHIsyIIKo4tQ,,https://www.linkedin.com/company/edureka,https://twitter.com/edurekain,https://www.instagram.com/edureka_learning/,https://www.edureka.co/data-science-python-certification-course,https://www.edureka.co/masters-program/data-scientist-certification
UCAWsBMQY4KSuOuGODki-l7A,https://github.com/chiphuyen/dmls-book/blob/main/resources.md,https://www.linkedin.com/in/emmading001/,,,,https://www.openintro.org/
UCs5Y5_7XK8HLDX0SLNwkd3w,,,,,,https://youtu.be/NLGIc9_3su8
UCKWaEZ-_VweaEx1j62do_vQ,,,,,,https://ibm.biz/BdmSiA
UCkw4JCwteGrDHIsyIIKo4tQ,,,,,,https://www.edureka.co/masters-program/data-scientist-certification
UCsvqVGtbbyHaMoevxPAq9Fg,,,,,https://www.simplilearn.com/data-science-course?utm_campaign=KxryzSO1Fjs&utm_medium=DescriptionFFF&utm_source=Youtube,https://www.simplilearn.com/data-analyst-certification-course?utm_campaign=KxryzSO1Fjs&utm_medium=DescriptionFFF&utm_source=Youtube
UC8butISFwT-Wl7EV0hUK0BQ,,,https://codingwithmax.com/webinar/data-scientist/,,,https://scrimba.com/freeCodeCamp-Databases
UCsT0YIqwnpJCM-mx7-gSA4Q,,,,,,https://www.ted.com/tedx
UCsvqVGtbbyHaMoevxPAq9Fg,,,,,https://www.simplilearn.com/iitk-professional-certificate-course-data-science?utm_campaign=uLIQ014gWcA&utm_medium=DescriptionFF&utm_source=youtube,https://www.simplilearn.com/pgp-data-science-certification-bootcamp-program?utm_campaign=uLIQ014gWcA&utm_medium=DescriptionFF&utm_source=youtube
UCEBpSZhI1X8WaP-kY_2LLcg,,https://www.linkedin.com/school/365datascience/,,https://www.instagram.com/365datascience/,,https://bit.ly/41kQGLP
UC2UXDak6o7rBm23k3Vv5dww,,https://www.linkedin.com/in/tinaw-h/,,https://www.instagram.com/hellotinah/,,https://tinahuang.substack.com/
UCsvqVGtbbyHaMoevxPAq9Fg,,,,,https://www.simplilearn.com/data-science-course?utm_campaign=bQZk18rke2o&utm_medium=DescriptionFirstFold&utm_source=Youtube,https://www.simplilearn.com/pgp-data-science-certification-bootcamp-program?utm_campaign=bQZk18rke2o&utm_medium=DescriptionFirstFold&utm_source=Youtube
UCZf_9SblvM8iTTkouFEcHtA,,,,,,https://www.gratitudedriven.com/subscribe
UCh9nVJoWXmFb7sLApWGcLPQ,,https://www.linkedin.com/in/dhavalsays/,https://twitter.com/codebasicshub,https://www.instagram.com/dhavalsays/,https://codebasics.io/courses/math-and-statistics-for-data-science,https://www.youtube.com/playlist?list=PLeo1K3hjS3uuKaU2nBDwr6zrSOTzNCs0l
UCo7EHzKF2zDFWszw7Dg4mPw,,,https://twitter.com/AluraOnline,https://www.instagram.com/aluraonline,,https://colab.research.google.com/
UCsvqVGtbbyHaMoevxPAq9Fg,,,,,https://www.simplilearn.com/big-data-and-analytics/senior-data-scientist-masters-program-training?utm_campaign=OQnvWsYl9rc&utm_medium=DescriptionFirstFold&utm_source=Youtube,https://www.simplilearn.com/pgp-data-science-certification-bootcamp-program?utm_campaign=OQnvWsYl9rc&utm_medium=DescriptionFirstFold&utm_source=Youtube
UCkw4JCwteGrDHIsyIIKo4tQ,,https://www.linkedin.com/company/edureka,https://twitter.com/edurekain,https://www.instagram.com/edureka_learning,,https://www.edureka.co/masters-program/data-scientist-certification
UCsvqVGtbbyHaMoevxPAq9Fg,,,,,https://www.simplilearn.com/data-science-course?utm_campaign=vtCwJKUhizg&utm_medium=DescriptionFFF&utm_source=Youtube,https://www.simplilearn.com/data-analyst-certification-course?utm_campaign=vtCwJKUhizg&utm_medium=DescriptionFFF&utm_source=Youtube
UCs5Y5_7XK8HLDX0SLNwkd3w,,,,,,https://aka.ms/data-science-from-scratch
UCCktnahuRFYIBtNnKT5IYyg,,,,,https://intellipaat.com/data-scientist-course-training/,https://goo.gl/hhsGWb
UCkw4JCwteGrDHIsyIIKo4tQ,,https://www.linkedin.com/company/edureka,https://twitter.com/edurekain,https://www.instagram.com/edureka_learning/,https://www.edureka.co/data-science-python-certification-course,https://www.edureka.co/masters-program/data-scientist-certification
UCsT0YIqwnpJCM-mx7-gSA4Q,,,,,,https://www.ted.com/tedx
UC-e2aGRMGMl67MDJoqcj19Q,,,https://twitter.com/@TTBusinessTech,,,https://searchbusinessanalytics.techtarget.com/feature/Data-science-interview-preparation-How-to-answer-top-questions?utm_source=youtube&utm_medium=description&utm_campaign=042021ds&utm_content=ds&Offer=OTHR-youtube_OTHR-video_OTHR-ds_2021April01_ds
UCteRPiisgIoHtMgqHegpWAQ,,https://www.linkedin.com/in/sundaskhalid,,https://www.instagram.com/sundaskhalidd,,https://datacamp.pxf.io/datascinetist1
UCZf_9SblvM8iTTkouFEcHtA,,,https://x.com/iammarinawyss,https://www.instagram.com/marina.wyss/,,https://boot.dev/?promo=MARINAWYSS
UC_fyAp919RnkKmBrMXGwnUQ,,,,,https://www.coursera.org/google-certificates/advanced-data-analytics-certificate?utm_source=google&utm_medium=institutions&utm_campaign=youtube-organic__geo--Global&utm_content=vid--4DlsTsqpY84__topic--ADA&utm_term=youtube-description,https://goo.gle/subscribegcc
UCteRPiisgIoHtMgqHegpWAQ,,,,,,
UCsvqVGtbbyHaMoevxPAq9Fg,,,,,https://www.simplilearn.com/pgp-data-analytics-certification-training-course?utm_campaign=WU-UrrP2OWU&utm_medium=Lives&utm_source=Youtube,https://www.simplilearn.com/pgp-data-science-certification-bootcamp-program?utm_campaign=WU-UrrP2OWU&utm_medium=Lives&utm_source=Youtube
UCCktnahuRFYIBtNnKT5IYyg,,,,,https://intellipaat.com/data-scientist-course-training/,https://goo.gl/hhsGWb
UCteRPiisgIoHtMgqHegpWAQ,,,,,,
UCCktnahuRFYIBtNnKT5IYyg,,,,,https://intellipaat.com/data-scientist-course-training/,https://goo.gl/hhsGWb
UC9Tl0-lzeDPH4y7LcRwRSQA,,https://www.linkedin.com/in/egorhowell,,https://www.instagram.com/egorhowell,,https://resume.egorhowell.com
UCObs0kLIrDjX2LLSybqNaEA,,,,,https://bit.ly/GL-academy-whatsapp,https://bit.ly/Hands-onDataSciencewithPython
UC7zZ2-Q_oxbUaoMVL0z51wg,,,,,,
UCsT0YIqwnpJCM-mx7-gSA4Q,,,,,,https://www.ted.com/tedx
UCh9nVJoWXmFb7sLApWGcLPQ,,https://www.linkedin.com/company/codebasics/,,https://www.instagram.com/codebasicshub/,,https://codebasics.io/survey/find-data-career
UCsvqVGtbbyHaMoevxPAq9Fg,,,,,https://www.simplilearn.com/big-data-and-analytics/senior-data-scientist-masters-program-training?utm_campaign=C5kvx8J3010&utm_medium=Lives&utm_source=Youtube,https://www.simplilearn.com/pgp-data-science-certification-bootcamp-program?utm_campaign=C5kvx8J3010&utm_medium=Lives&utm_source=Youtube
UC8butISFwT-Wl7EV0hUK0BQ,https://github.com/marcopeix/datasciencewithmarco,,,,,https://www.youtube.com/channel/UC-0lpiwlftqwC7znCcF83qg
UCh9nVJoWXmFb7sLApWGcLPQ,,https://www.linkedin.com/in/dhavalsays/,https://twitter.com/codebasicshub,https://www.instagram.com/dhavalsays/,,https://www.youtube.com/watch?v=957fQCm5aDo
UCsvqVGtbbyHaMoevxPAq9Fg,,,,,https://www.simplilearn.com/big-data-and-analytics/senior-data-scientist-masters-program-trainingutm_campaign=4mnzI59VlgU&utm_medium=Comments&utm_source=youtube,
UCsvqVGtbbyHaMoevxPAq9Fg,,,,,https://www.simplilearn.com/big-data-and-analytics/senior-data-scientist-masters-program-trainingutm_campaign=q1DWEkcFu38&utm_medium=Comments&utm_source=youtube,
UCteRPiisgIoHtMgqHegpWAQ,,,,,,https://amzn.to/3hFCycI)
UCObs0kLIrDjX2LLSybqNaEA,,,,,,https://bit.ly/Hands-onDataSciencewithPython
UCa9gErQ9AE5jT2DZLjXBIdA,,,,,,
UCYbd9AIkp7outXrlT4h-CFw,,,,,,
UCTVTlRE_gyvZvEFJOxRZlrA,,,,,,https://datascientest.com/
UCTVTlRE_gyvZvEFJOxRZlrA,,,,,,https://hubs.ly/Q02hH7p00
UCCktnahuRFYIBtNnKT5IYyg,,,,,https://intellipaat.com/data-scientist-course-training/,https://goo.gl/hhsGWb
UCzDNsDnN55mXW65zSGAnHeQ,,https://www.linkedin.com/company/purwadhikastartupandcodingschool,https://twitter.com/PurwadhikaClass,https://www.instagram.com/purwadhikaschool/,,http://purwadhika.info/AdmissionDS-YT
UCLLw7jmFsvfIVaUFsLs8mlQ,,https://www.linkedin.com/in/luke-b/,https://twitter.com/LukeBarousse,https://www.instagram.com/lukebarousse/,https://kit.co/lukebarousse/data-analytics-courses,https://lukeb.co/GoogleCert
UCxXL5491Db9U8Rhfs-2LVFg,https://github.com/asimov-academy,,,https://www.instagram.com/asimov.academy,https://asimov.academy/trilha-data-science-e-machine-learning/?utm_source=youtube&utm_medium=video&utm_campaign=descricao&utm_content=o_que_e_data_science,https://www.tiktok.com/@asimov.academy
UCNUFterLJ9vpFZZ0try7sLA,,,,,,https://cutt.ly/xB15YiQ
UC_r6O_NeW84dt4AyUUVT5xw,,,,,,https://www.upes.ac.in/?utm_source=Paid&utm_medium=YT&utm_campaign=Admissions
UCEBpSZhI1X8WaP-kY_2LLcg,,https://www.linkedin.com/school/365datascience/,,https://www.instagram.com/365datascience/,,https://bit.ly/3DNimAS
UCsvqVGtbbyHaMoevxPAq9Fg,,,,,https://www.simplilearn.com/iitk-professional-certificate-course-data-science?utm_campaign=4VENens_ZU8&utm_medium=DescriptionFF&utm_source=youtube,https://www.simplilearn.com/pgp-data-science-certification-bootcamp-program?utm_campaign=4VENens_ZU8&utm_medium=DescriptionFF&utm_source=youtube
UCsvqVGtbbyHaMoevxPAq9Fg,,,,,https://www.simplilearn.com/data-science-course?utm_campaign=mkv5mxYu0Wk&utm_medium=DescriptionFFF&utm_source=Youtube,https://www.simplilearn.com/data-analyst-certification-course?utm_campaign=mkv5mxYu0Wk&utm_medium=DescriptionFFF&utm_source=Youtube
UCh9nVJoWXmFb7sLApWGcLPQ,,https://www.linkedin.com/company/codebasics/,,https://www.instagram.com/codebasicshub/,,https://codebasics.io/resources
UCCktnahuRFYIBtNnKT5IYyg,,,,,https://intellipaat.com/data-scientist-course-training/,
UCTVTlRE_gyvZvEFJOxRZlrA,,,,,,https://datascientest.com/rdv
UCKUzdt2sELyxd6mz-bAx3bA,,,,,,https://www.raiplay.it/programmi/playdigital/stagione-3/puntate
UC2WFenh004M5FeEzTYo75tA,,https://www.linkedin.com/school/afi-e...,https://twitter.com/Afi_Escuela/,https://www.instagram.com/afiescuela/,,https://bit.ly/3KvVd6u
UC55-mxUj5Nj3niXFReG44OQ,,,,,,https://platzi.com
UCsvqVGtbbyHaMoevxPAq9Fg,,,,,https://www.simplilearn.com/data-analyst-masters-certification-training-course?utm_campaign=M09ELxLHgBc&utm_medium=DescriptionFFF&utm_source=Youtube,https://www.simplilearn.com/iitg-generative-ai-data-analytics-program?utm_campaign=M09ELxLHgBc&utm_medium=DescriptionFFF&utm_source=Youtube
UCAq9f7jFEA7Mtl3qOZy2h1A,,,,,,
UC5TOFhyb_LxL2VG_Zenhpzw,,,,,,http://www.thaipbs.or.th/now/content/441
UCteRPiisgIoHtMgqHegpWAQ,,,,,,
UC7zZ2-Q_oxbUaoMVL0z51wg,,https://www.linkedin.com/in/sundaskhalid/,,https://www.instagram.com/sundaskhalidd/,https://sajjaad-s-site.thinkific.com/courses/land-tech-job,https://sajjaad.substack.com/
UCBwmMxybNva6P_5VmxjzwqA,,,,https://www.instagram.com/dhattarwalaman/,,https://www.youtube.com/watch?v=yRpLlJmRo2w&list=PLfqMhTWNBTe3LtFWcvwpqTkUSlB32kJop
UC8butISFwT-Wl7EV0hUK0BQ,https://github.com/datapublishings/Course-python-data-science,,,,,https://www.youtube.com/c/AISciencesLearn
UCCktnahuRFYIBtNnKT5IYyg,,https://www.linkedin.com/company/intellipaat-software-solutions,https://twitter.com/Intellipaat,https://www.instagram.com/intellipaat,,https://intellipaat.com/advanced-certification-data-science-artificial-intelligence-iit-madras/
UCh9nVJoWXmFb7sLApWGcLPQ,,,,,,
UCCktnahuRFYIBtNnKT5IYyg,,,,,https://intellipaat.com/data-scientist-course-training/,https://rb.gy/glakh8
UCteRPiisgIoHtMgqHegpWAQ,,,,,,
UCteRPiisgIoHtMgqHegpWAQ,,,,,,
UCCktnahuRFYIBtNnKT5IYyg,,,,,,
UCZf_9SblvM8iTTkouFEcHtA,,,,,,
UCjvMTgaYGYwvS3HpQJo4edQ,,,,,,https://www.topuniversities.com/university-rankings-articles/university-subject-rankings/computer-science-vs-data-science-which-degree-right-you
UCUzGQrN-lyyc0BWTYoJM_Sg,,,,,,https://youtu.be/W4Gyibm_EOI
UCQvDQMRwjUJauII1qe_XphA,https://github.com/gonzalezgouveia/clases-youtube/blob/main/recursos/data_science_roadmap_2023.md,,,https://www.instagram.com/gonzalezgouveia,,
UCGPjzyzRdvg2RxfWVWOzsDA,,,,,,
UCwo0hMpDDHhb9RBbMOL3qEQ,,,,,,https://to.skooldio.com/4OkLTljWZIb
UCCktnahuRFYIBtNnKT5IYyg,,,,,https://intellipaat.com/data-scientist-course-training/,
UCh9nVJoWXmFb7sLApWGcLPQ,,https://www.linkedin.com/company/codebasics/,,https://www.instagram.com/codebasicshub/,,https://youtu.be/PFPt6PQNslE?si=OZA7ruWrJN9WFXq6
UCn1USB9-5UqKJTSHd1JGcVw,,,,,https://bepec.in/courses/full-stack-data-science/,
UCh9nVJoWXmFb7sLApWGcLPQ,,,,,,
UCn1USB9-5UqKJTSHd1JGcVw,,,,,,
UCWv7vMbMWH4-V0ZXdmDpPBA,,https://www.linkedin.com/school/codewithmosh/,https://twitter.com/moshhamedani,https://www.instagram.com/codewithmosh.official/,,https://www.youtube.com/channel/UCWv7vMbMWH4-V0ZXdmDpPBA/join
UC9Tl0-lzeDPH4y7LcRwRSQA,,https://www.linkedin.com/in/egorhowell,,https://www.instagram.com/egorhowell,https://www.coursera.org/specializations/mathematics-for-machine-learning-and-data-science/,https://datacamp.pxf.io/DyzqXo
UCCktnahuRFYIBtNnKT5IYyg,,,,,,
UCteRPiisgIoHtMgqHegpWAQ,,,,,,
UCsvqVGtbbyHaMoevxPAq9Fg,,,,,https://www.simplilearn.com/big-data-and-analytics/senior-data-scientist-masters-program-training?utm_campaign=ruDfwMFpUh0&utm_medium=DescriptionFirstFold&utm_source=Youtube,https://www.simplilearn.com/pgp-data-science-certification-bootcamp-program?utm_campaign=ruDfwMFpUh0&utm_medium=DescriptionFirstFold&utm_source=Youtube
UCCktnahuRFYIBtNnKT5IYyg,,,,,,
UCsvqVGtbbyHaMoevxPAq9Fg,,,,,,
UCObs0kLIrDjX2LLSybqNaEA,,,,,,https://bit.ly/GLA-IntroductiontoDataScience
UCCktnahuRFYIBtNnKT5IYyg,,,,,,
UCeVMnSShP_Iviwkknt83cww,,,https://twitter.com/Haris_Is_Here,https://www.instagram.com/codewithharry/,https://www.codewithharry.com/courses/the-ultimate-job-ready-data-science-course,https://www.youtube.com/ProgrammingWithHarry
UCxZC-5v-UccF6FXGI7VXgoQ,,,,https://www.instagram.com/theiscale?igsh=MWZ3anc0YTFhZ2lybw==,https://www.theiscale.com/course-details/full-stack-data-science-program,https://www.theiscale.com/course-details/free-100-days-of-data-science
UCCktnahuRFYIBtNnKT5IYyg,,,,,,
UCNQ6FEtztATuaVhZKCY28Yw,https://github.com/hiteshchoudhary,,,https://www.instagram.com/hiteshchoudharyofficial/,,https://freeapi.app
UCAq9f7jFEA7Mtl3qOZy2h1A,,,,,,
UCBwmMxybNva6P_5VmxjzwqA,,,,,,
UC0RhatS1pyxInC00YKjjBqQ,,https://www.linkedin.com/company/geeksforgeeks,https://twitter.com/geeksforgeeks,https://www.instagram.com/geeks_for_geeks/,,https://gfgcdn.com/tu/U4a/
UCH6gDteHtH4hg3o2343iObA,,,https://www.crowdanalytix.com/community,,,https://www.kaggle.com/competitions
UCteRPiisgIoHtMgqHegpWAQ,,,,,,
UCCktnahuRFYIBtNnKT5IYyg,,,,,,
UCPvDKIsrjA_h3g5yZJwCIHA,,https://www.linkedin.com/in/ayushi-mishra-30813b174,,https://www.instagram.com/techie.data/,,https://topmate.io/ayushi_mishra/842027
UCwo0hMpDDHhb9RBbMOL3qEQ,,,,,,https://www.skooldio.com/category/data
UCCktnahuRFYIBtNnKT5IYyg,,,,,,
UCeVMnSShP_Iviwkknt83cww,,,https://twitter.com/CodeWithHarry,https://www.instagram.com/codewithharry,https://www.codewithharry.com/courses/the-ultimate-job-ready-data-science-course,https://buy.stripe.com/8wMdSN4vibLjcU0bII
UCteRPiisgIoHtMgqHegpWAQ,,,,,,
UCChmJrVa8kDg05JfCmxpLRw,,https://www.linkedin.com/in/darshil-parmar/,https://twitter.com/parmardarshil07,https://www.instagram.com/darshilparmarr,,https://amzn.to/3HQJDyP
UCCktnahuRFYIBtNnKT5IYyg,,,,,,
UCn1USB9-5UqKJTSHd1JGcVw,,https://www.linkedin.com/in/rajeev-kanth-6222a618a,,,https://bepec.in/courses/data-science-course-syllabus/,https://wa.me/919644466222
UCfsND7mZbiAbqZYjyT5V26g,,,,,,https://youtu.be/IWrx4jpp9aI?si=8MydJcRz4kP_Xtyb
UC8_RSKwbU1OmZWNEoLV1tQg,,https://www.linkedin.com/in/baraa-khatib-salkini/,,,,https://www.notion.com/templates/data-scientist-roadmap-648
UCNU_lfiiWBdtULKOw6X0Dig,https://github.com/krishnaik06/The-Grand-Complete-Data-Science-Materials/tree/main,,,,,https://www.youtube.com/watch?v=S_F_c9e2bz4&list=PLZoTAELRMXVPS-dOaVbAux22vzqdgoGhG&pp=iAQB
UC8butISFwT-Wl7EV0hUK0BQ,,https://www.linkedin.com/learning/instructors/monika-wahi?u=2125562,,,,https://www.amazon.com/Understanding-Basic-Statistics-Charles-Henry/dp/1111827028
UCCktnahuRFYIBtNnKT5IYyg,,,,,https://intellipaat.com/data-scientist-course-training/,
UCo7EHzKF2zDFWszw7Dg4mPw,,,,https://www.instagram.com/aluraonline,,https://www.alura.com.br/escola-data-science
UCDybamfye5An6p-j1t2YMsg,,,,,,https://mochen.info/
UCHEEZf5xSxfQD_t0o0pUaaw,,,,,,
UC9Tl0-lzeDPH4y7LcRwRSQA,,https://www.linkedin.com/in/egorhowell,,https://www.instagram.com/egorhowell,,https://resume.egorhowell.com
UCCktnahuRFYIBtNnKT5IYyg,,,,,,https://rb.gy/z1f6u1
UCn1USB9-5UqKJTSHd1JGcVw,,,,,https://bepec.in/courses/ai-engineer/,https://bepec.in/courses/generative-ai/
UCsvqVGtbbyHaMoevxPAq9Fg,,,,,https://www.simplilearn.com/data-science-course?utm_campaign=8YbeH4vYtrM&utm_medium=DescriptionFFF&utm_source=Youtube,https://www.simplilearn.com/data-analyst-certification-course?utm_campaign=8YbeH4vYtrM&utm_medium=DescriptionFFF&utm_source=Youtube
UCCktnahuRFYIBtNnKT5IYyg,,,,,https://intellipaat.com/data-scientist-course-training/,https://goo.gl/hhsGWb
UCteRPiisgIoHtMgqHegpWAQ,,,,,,
UCBwmMxybNva6P_5VmxjzwqA,,,,,https://www.apnacollege.in/course/sigma-batch,https://telegram.me/+k4rdgTPwmm5kMGVl
UCCktnahuRFYIBtNnKT5IYyg,,,,,,
UCh9nVJoWXmFb7sLApWGcLPQ,,,,,,
UC7zZ2-Q_oxbUaoMVL0z51wg,,,,,,
UCh9nVJoWXmFb7sLApWGcLPQ,,https://www.linkedin.com/company/codebasics/,,https://www.instagram.com/codebasicshub/,,https://codebasics.io/?utm_source=description&utm_medium=yt&utm_campaign=description&utm_id=description
UCsvqVGtbbyHaMoevxPAq9Fg,,,,,,
UCkw4JCwteGrDHIsyIIKo4tQ,,https://www.linkedin.com/company/edureka,https://twitter.com/edurekain,https://www.instagram.com/edureka_learning/,https://www.edureka.co/data-science-r-programming-certification-course,https://youtu.be/nJKxWbQ1jaw
UCxKAuN76I7bkAK0sRVOWcuQ,,,,,,https://www.arkia.co/
UCZf_9SblvM8iTTkouFEcHtA,,,,,,https://giveinternet.org/GratitudeDriven
UCAa5onWbr4nQI3C71bRkk7Q,,,,,,
UCn1USB9-5UqKJTSHd1JGcVw,,,,,,
UCDR66fGjZxvdZl7g3x0xbWw,,,,,,https://uncodemy.com
UC0T6MVd3wQDB5ICAe45OxaQ,,https://www.linkedin.com/company/wscubetechindia/,https://twitter.com/wscubetechindia,https://www.instagram.com/wscubetechindia/,https://www.wscubetech.com/landing-pages/online-data-analytics-course.html?utm_source=YouTube&utm_medium=June2024_13&utm_campaign=RV,https://bit.ly/share-topic-ideas
UCZ-qVFZubQ-pVHc9SQ9HjzQ,,,,,,
UCCktnahuRFYIBtNnKT5IYyg,,,,,,
UChz4r4VXwPxTqx083Am0IeQ,,,,,,
UCaDeziWjjPT2Q-Hz4BrmcbA,,,,,,
UCgeOgQcMFGlWUuCe_xAGUeg,,,,,,
UCmKaoNn0OvxVAe7f_8sXYNQ,,,,,,
UCTVTlRE_gyvZvEFJOxRZlrA,,,,,,https://datascientest.com/
UC9Tl0-lzeDPH4y7LcRwRSQA,,https://www.linkedin.com/in/egorhowell,,https://www.instagram.com/egorhowell,https://www.coursera.org/specializations/mathematics-for-machine-learning-and-data-science,https://resume.egorhowell.com
UCCktnahuRFYIBtNnKT5IYyg,,,,,https://intellipaat.com/data-scientist-course-training/,
UCSuSMflMkn4yH9QA5vzsDyA,,,,,,
UCteRPiisgIoHtMgqHegpWAQ,,,,,,
UCteRPiisgIoHtMgqHegpWAQ,,,,,,
UCJa8Lz7Ps1UmqRXKR6NOFtw,,,https://twitter.com/Tim__Joo,https://www.instagram.com/tim__joo/,,https://www.tiktok.com/@tim__joo
UC9Tl0-lzeDPH4y7LcRwRSQA,,https://www.linkedin.com/in/egorhowell,,https://www.instagram.com/egorhowell,https://www.coursera.org/specializations/machine-learning-introduction,https://datacamp.pxf.io/553mZj
UCBwmMxybNva6P_5VmxjzwqA,,,,,https://www.apnacollege.in/course/alpha-plus,https://buy.stripe.com/eVa3co87afoaaB200b
UCRsjR0vJxD0ufV90B9WX8lA,,https://www.linkedin.com/in/kedeishabryan/,,,,http://bit.ly/47OPR2P
UCWB6r6WZT1Q7dd_gK-yHCMA,,,,,,
UC7zZ2-Q_oxbUaoMVL0z51wg,,,,,,
UCY6N8zZhs2V7gNTUxPuKWoQ,,,,,,https://bit.ly/ishansharma7390ig
UCn1USB9-5UqKJTSHd1JGcVw,,,,,,
UCvAgIbgiTX0iXUg02biu7Fw,,,,,,https://www.h-ka.de/studieren/studienangebot/bachelor/data-science/profil
UCHz35rvIKf2CMqj7oiMv9WQ,,https://www.linkedin.com/in/decisionforest,,,https://decisionforest.com/coursera,https://decisionforest.com/book-meeting
UCCktnahuRFYIBtNnKT5IYyg,,,,,https://intellipaat.com/data-scientist-course-training/,https://rb.gy/glakh8
UCYA8cEWaqrpB4olR5533p5Q,,,,,,https://linkly.link/2Gany
UCtoNXlIegvxkvf5Ji8S57Ag,,,,https://www.instagram.com/loresowhat/,https://analyticsautomation.academy/,https://loresowhat.com/free-opt-in/
UCjXd5MAsvEnCbzKlXdCYYKw,,,,,,
UCkR95L-wEZ6ClrPzqDPsiwA,,,,,,
UCkcqmxjMXaBb0kDWqqSEU1g,,,,,https://www.khanacademy.org/math/linear-algebra,https://datacamp.pxf.io/ds-track
UCCktnahuRFYIBtNnKT5IYyg,,,,,,
UCCktnahuRFYIBtNnKT5IYyg,,,,,,
UCCktnahuRFYIBtNnKT5IYyg,,,,,,
UC9JWnvl5ZjZv09F5RqiLptw,,https://www.linkedin.com/school/scalerofficial,https://twitter.com/scaler_official,https://www.instagram.com/scaler_official/,,https://www.scaler.com/events/?utm_source=osocial&utm_medium=youtube&utm_campaign=data-science-roadmap-2025
UC0RhatS1pyxInC00YKjjBqQ,,https://www.linkedin.com/company/geeksforgeeks,https://twitter.com/geeksforgeeks,https://www.instagram.com/geeks_for_geeks/?hl=en,,https://gfgcdn.com/tu/TO9/
UCM6BWkgiGrCHG967i_PyMiw,,,https://twitter.com/dicoding,https://www.instagram.com/dicoding/,,https://www.tiktok.com/@dicoding
UC8butISFwT-Wl7EV0hUK0BQ,https://github.com/dataprofessor/streamlit_freecodecamp/tree/main/app_1_simple_stock_price,https://www.linkedin.com/in/chanin-nantasenamat/,https://twitter.com/thedataprof/,https://www.instagram.com/data.professor/,,http://youtube.com/dataprofessor
UCeVMnSShP_Iviwkknt83cww,,,https://twitter.com/CodeWithHarry,https://www.instagram.com/codewithharry,https://www.codewithharry.com/courses/the-ultimate-job-ready-ai-powered-data-analytics-course,https://bit.ly/codewithharry-simplilearn
UCCktnahuRFYIBtNnKT5IYyg,,https://www.linkedin.com/company/intellipaat-software-solutions/,https://twitter.com/Intellipaat,https://www.instagram.com/intellipaat,https://intellipaat.com/data-scientist-course-training/,https://goo.gl/hhsGWb
UC0T6MVd3wQDB5ICAe45OxaQ,,https://www.linkedin.com/in/kushagra-bhatia,https://twitter.com/wscubetechindia,https://www.instagram.com/kushagrabhatiaofficial,https://www.wscubetech.com/data-analytics-course?utm_source=YouTube&utm_medium=YT_Video&utm_campaign=DAMP_Cohort_2_Sep&utm_channel=WsCubeTech&utm_post_id=Sept2024_09,https://bit.ly/2M3oYOs
UC91RZv71f8p0VV2gaFI07pg,,,,,,
UC9qcQas8m-Dk_pjKDjgX4Iw,,https://www.linkedin.com/in/nishtha-jain-80a1a076/,https://x.com/Learnomate,https://www.instagram.com/learnomate/,,https://forms.gle/mJso43VYuaYxaBAT8
UCoincaYNa5FBdi-I5oqHAMw,,https://www.linkedin.com/in/natacha-njongwa-yepnga/,,https://www.instagram.com/lecoin_stat/,,https://natacha-njongwa-yepnga.ck.page/inscriptionnewsletter
UCCWi3hpnq_Pe03nGxuS7isg,,https://www.linkedin.com/company/campusx-official,,https://www.instagram.com/campusx.official,https://learnwith.campusx.in/courses/Data-Science-Mentorship-Program-DSMP-20-653f50d1e4b0d2eae855480a,https://roadmap.sh/machine-learning
UCvAgIbgiTX0iXUg02biu7Fw,,,,,,https://www.h-ka.de/studieren/studienangebot/bachelor/data-science/profil
UCpisqKhElAkvqs9lzhmjuAQ,,,,,,
UC4FHiPgS1KXkUMx3dxBUtPg,,,,,,https://academia.holamundo.io/bundles/acceso-a-todo?coupon=cortos
UC0RhatS1pyxInC00YKjjBqQ,,https://www.linkedin.com/company/geeksforgeeks,https://twitter.com/geeksforgeeks,https://www.instagram.com/geeks_for_geeks/,,https://gfgcdn.com/tu/U4a/
UCtoNXlIegvxkvf5Ji8S57Ag,,,,https://www.instagram.com/loresowhat/,https://analyticsautomation.academy/,https://loresowhat.com/free-opt-in/
UCCktnahuRFYIBtNnKT5IYyg,,,,,https://intellipaat.com/data-scientist-course-training/,https://rb.gy/glakh8
UCsvqVGtbbyHaMoevxPAq9Fg,,,,,,https://bit.ly/2VT4WtH
UCSDPSK2FGdBZYkg__aE1twg,,,,,,
UCkcqmxjMXaBb0kDWqqSEU1g,,,,,https://www.khanacademy.org/math/linear-algebra,https://datacamp.pxf.io/ds-track
UCAq9f7jFEA7Mtl3qOZy2h1A,,,,,,
UCH6gDteHtH4hg3o2343iObA,,,,,,
UCn1USB9-5UqKJTSHd1JGcVw,,https://www.linkedin.com/in/rajeev-kanth-6222a618a,https://twitter.com/meet_kanth,,https://bepec.in/courses/power-bi-program/,https://bepec.in/courses/full-stack-data-analytics/
UCpbMQO3wyA-vfYiCiIGB8Iw,,,,,https://datamites.com/data-science-training/,https://datamites.com/data-science-course-training-bangalore/
UCsvqVGtbbyHaMoevxPAq9Fg,,,,,https://www.simplilearn.com/big-data-and-analytics/senior-data-scientist-masters-program-training?utm_campaign=iMfg6Qtj8hA&utm_medium=Lives&utm_source=Youtube,https://www.simplilearn.com/pgp-data-science-certification-bootcamp-program?utm_campaign=iMfg6Qtj8hA&utm_medium=Lives&utm_source=Youtube
UC0T6MVd3wQDB5ICAe45OxaQ,,https://www.linkedin.com/in/kushagra-bhatia,https://twitter.com/wscubetechindia,https://www.instagram.com/kushagrabhatiaofficial,https://www.wscubetech.com/data-analytics-course?utm_source=YouTube&utm_medium=YT_Video&utm_campaign=DAMP_Cohort_2_Sep&utm_channel=WsCubeTech&utm_post_id=Sept2024_09,https://bit.ly/2M3oYOs
UCoincaYNa5FBdi-I5oqHAMw,,https://www.linkedin.com/in/natacha-njongwa-yepnga/,,https://www.instagram.com/lecoin_stat/,,https://natacha-njongwa-yepnga.ck.page/inscriptionnewsletter
UCM6BWkgiGrCHG967i_PyMiw,,,https://twitter.com/dicoding,https://www.instagram.com/dicoding/,,https://www.tiktok.com/@dicoding
UCZEHy3wlCHg9sk2FO79n-aw,,,,,,
UCCWi3hpnq_Pe03nGxuS7isg,,https://www.linkedin.com/company/campusx-official,,https://www.instagram.com/campusx.official,https://learnwith.campusx.in/courses/Data-Science-Mentorship-Program-DSMP-20-653f50d1e4b0d2eae855480a,https://roadmap.sh/machine-learning
UC8butISFwT-Wl7EV0hUK0BQ,https://github.com/dataprofessor/streamlit_freecodecamp/tree/main/app_1_simple_stock_price,https://www.linkedin.com/in/chanin-nantasenamat/,https://twitter.com/thedataprof/,https://www.instagram.com/data.professor/,,http://youtube.com/dataprofessor
UCeVMnSShP_Iviwkknt83cww,,,,,,https://bit.ly/DataScience-CodeWithHarry
UC9qcQas8m-Dk_pjKDjgX4Iw,,https://www.linkedin.com/in/nishtha-jain-80a1a076/,https://x.com/Learnomate,https://www.instagram.com/learnomate/,,https://forms.gle/mJso43VYuaYxaBAT8
UC9JWnvl5ZjZv09F5RqiLptw,,https://www.linkedin.com/school/scalerofficial,https://twitter.com/scaler_official,https://www.instagram.com/scaler_official/,,https://www.scaler.com/events/?utm_source=osocial&utm_medium=youtube&utm_campaign=data-science-roadmap-2025
UCVe8CMJF4caRzuckVYV8CaQ,,https://in.linkedin.com/in/chaharnishant11,https://x.com/nishantchahar11,https://www.instagram.com/nishantchahar.11/,,https://bit.ly/Genai-ml-program
UC8_RSKwbU1OmZWNEoLV1tQg,,,,,,https://www.youtube.com/playlist?list=PLNcg_FV9n7qZGfFl2ANI_zISzNp257Lwn
UCeVMnSShP_Iviwkknt83cww,,,https://twitter.com/CodeWithHarry,https://www.instagram.com/codewithharry,https://www.codewithharry.com/courses/the-ultimate-job-ready-ai-powered-data-analytics-course,https://bit.ly/codewithharry-simplilearn
UC8butISFwT-Wl7EV0hUK0BQ,https://github.com/TatevKaren/CaseStudies/tree/main/AB%20Testing,,,,https://academy.lunartech.ai/courses,https://github.com/TatevKaren/CaseStudies/tree/main/SuperStoreCaseStudy
UCH6gDteHtH4hg3o2343iObA,https://github.com/geekquad/Fraud-Detection,,,,,https://www.analyticsvidhya.com/blog/2023/05/github-data-science-projects/
UCwr-evhuzGZgDFrq_1pLt_A,,,,,https://www.errormakesclever.com/fullstack-course?source=FSD_YT_Organic,https://www.errormakesclever.com/devops?source=Devops_YT_Organic
UCxladMszXan-jfgzyeIMyvw,,,,,,
UC3ad_iYh770-UWICfTI50BQ,,,,,,
UCOQDdjPiHB1X6MJSPNdr1ng,,,,,,
UCDrf0V4fcBr5FlCtKwvpfwA,,https://www.linkedin.com/in/pw-skills-136050249/,,https://instagram.com/pwcollegewallah,,https://pwskills-main.pwskills.com/
UCf1DIJD9jzFTHpn7uvZTn3A,https://github.com/shivaconceptsolution,https://in.linkedin.com/in/shiva-concept-solution-46b8139b,https://twitter.com/shivagtm,https://www.instagram.com/shivaconceptsolution/,,https://www.shivatutorials.com
UC_QpDH_oeU0jXIjIQh6lKNA,,https://www.linkedin.com/in/sreevidhyasanthosh/,,https://www.instagram.com/sreevidhya.santhosh/,https://www.linkedin.com/company/calibri-training-&-development-l.l.c,https://forms.gle/osiAuoW942DwiQsp9
UCteRPiisgIoHtMgqHegpWAQ,,,,,,
UCeVMnSShP_Iviwkknt83cww,,,,,,https://jb.gg/check-pycharm
UCBEAb12YsBDcCtdfxNWzNHQ,,,,,,
UCCktnahuRFYIBtNnKT5IYyg,,,,,https://intellipaat.com/data-scientist-course-training/,https://intellipaat.com/blog/interview-question/data-science-interview-questions/
UCn1USB9-5UqKJTSHd1JGcVw,,https://www.linkedin.com/in/rajeev-kanth-6222a618a,https://twitter.com/meet_kanth,,https://bepec.in/courses/ai-engineer/,https://bepec.in/courses/full-stack-data-analytics/
UCn1USB9-5UqKJTSHd1JGcVw,,https://www.linkedin.com/in/rajeev-kanth-6222a618a,https://twitter.com/meet_kanth,,https://bepec.in/courses/ai-engineer/,https://bepec.in/courses/full-stack-data-analytics/
UCSpJ1qKyNEWofOlkW5Hs55g,,,,,,
UCf8Pck0ge4_qV3Pc4xV31Xg,,,,,,
UCn1USB9-5UqKJTSHd1JGcVw,,,,,,
UCAaklfxjPXBPdhxTVQUHweA,,,,,,https://amzn.to/40AuRZ0
UCYA8cEWaqrpB4olR5533p5Q,,,,,,https://bit.ly/4oPUtLd
UCCix0G-RLoRTenSFEGrQILQ,,https://www.linkedin.com/company/teamalgoritma,https://twitter.com/teamalgoritma,https://www.instagram.com/teamalgoritma,,http://bit.ly/youtubealgoritma
UCOQDdjPiHB1X6MJSPNdr1ng,,,,,,
UC2cIYtzg3PfVZdnjepLoSLQ,,,,https://www.instagram.com/chooseyourcareer1/,,https://youtu.be/chK68bWS59k
UCwr-evhuzGZgDFrq_1pLt_A,,,,,https://www.errormakesclever.com/fullstack-course?source=FSD_YT_Organic,https://www.errormakesclever.com/devops?source=Devops_YT_Organic
UCeVMnSShP_Iviwkknt83cww,,,,,,https://bit.ly/DataScience-CodeWithHarry
UCxX6KabxbGpk9Be57xMktRQ,,https://www.linkedin.com/company/careerninja/,,https://www.instagram.com/careerninjaindia,,https://www.facebook.com/CareerNinjaIndia
UCuyfszBAd3gUt9vAbC1dfqA,,https://www.linkedin.com/in/averyjsmith/,,https://instagram.com/datacareerjumpstart,https://www.datacareerjumpstart.com/training,https://www.datacareerjumpstart.com/daa
UCsvqVGtbbyHaMoevxPAq9Fg,,,,,,https://bit.ly/2VT4WtH
UC8_RSKwbU1OmZWNEoLV1tQg,,,,,,https://www.youtube.com/playlist?list=PLNcg_FV9n7qZGfFl2ANI_zISzNp257Lwn
UC3ad_iYh770-UWICfTI50BQ,,,,,,
UCLLw7jmFsvfIVaUFsLs8mlQ,,,,https://www.instagram.com/lukebarousse/,https://lukebarousse.com/5daycourse,https://lukeb.co/ParallelsFreeTrial
UCwr-evhuzGZgDFrq_1pLt_A,,,,,https://www.errormakesclever.com/fullstack-course?source=FSD_YT_Organic,https://www.errormakesclever.com/devops?source=Devops_YT_Organic
UCYA8cEWaqrpB4olR5533p5Q,,,,,,https://docs.google.com/spreadsheets/d/1_hG3SZk9lu4umLbvZMi_ZunanRROV_bag3TQcgrd2h4/
UCH6gDteHtH4hg3o2343iObA,https://github.com/geekquad/Fraud-Detection,,,,,https://www.analyticsvidhya.com/blog/2023/05/github-data-science-projects/
UC2MYZHG8a56u4REI2RedtRA,,,,,https://www.kaashivinfotech.com/courses/,https://www.kaashivinfotech.in/s/6262
UCDrf0V4fcBr5FlCtKwvpfwA,,https://www.linkedin.com/in/pw-skills-136050249/,,https://instagram.com/pwcollegewallah,,https://pwskills-main.pwskills.com/
UCf1DIJD9jzFTHpn7uvZTn3A,https://github.com/shivaconceptsolution,https://in.linkedin.com/in/shiva-concept-solution-46b8139b,https://twitter.com/shivagtm,https://www.instagram.com/shivaconceptsolution/,,https://www.shivatutorials.com
UCteRPiisgIoHtMgqHegpWAQ,,,,,,
UCOQDdjPiHB1X6MJSPNdr1ng,,,,,,
UCBEAb12YsBDcCtdfxNWzNHQ,,,,,,
UCeVMnSShP_Iviwkknt83cww,,,,,,https://jb.gg/check-pycharm
UCCktnahuRFYIBtNnKT5IYyg,,,,,https://intellipaat.com/data-scientist-course-training/,https://goo.gl/hhsGWb
UCCktnahuRFYIBtNnKT5IYyg,,,,,https://intellipaat.com/data-scientist-course-training/,https://goo.gl/hhsGWb
UCRdJBGp9r9ORl3Svd053IHA,,,,,,https://linktr.ee/theincubatorng
UC_QpDH_oeU0jXIjIQh6lKNA,,https://www.linkedin.com/in/sreevidhyasanthosh/,,https://www.instagram.com/sreevidhya.santhosh/,https://www.linkedin.com/company/calibri-training-&-development-l.l.c,https://forms.gle/osiAuoW942DwiQsp9
UCn1USB9-5UqKJTSHd1JGcVw,,https://www.linkedin.com/in/rajeev-kanth-6222a618a,https://twitter.com/meet_kanth,,https://bepec.in/courses/ai-engineer/,https://bepec.in/courses/full-stack-data-analytics/
UCf8Pck0ge4_qV3Pc4xV31Xg,,,,,,
UCn1USB9-5UqKJTSHd1JGcVw,,https://www.linkedin.com/in/rajeev-kanth-6222a618a,https://twitter.com/meet_kanth,,https://bepec.in/courses/ai-engineer/,https://bepec.in/courses/full-stack-data-analytics/
UCCix0G-RLoRTenSFEGrQILQ,,https://www.linkedin.com/company/teamalgoritma,https://twitter.com/teamalgoritma,https://www.instagram.com/teamalgoritma,,http://bit.ly/youtubealgoritma
