channel_id,channel_title,channel_description,Category,subscribers,total_views,total_videos,total_likes,Individual_company_brand
UC2UXDak6o7rBm23k3Vv5dww,Tina Huang,"Hi! My name is Tina and I�m an ex-Meta data scientist.

This channel is about AI, coding, tech, career and self-study.

My goal is always to minimize effort and maximise outcome.

I basically refuse to do extra work to achieve my goals (which is why I love AI�)


",Data Science,1060000,46431564,293,,Individual
UCNQ6FEtztATuaVhZKCY28Yw,Chai aur Code,"A channel dedicated to chai and coding in HINDI. A lot happens over chai and I am a big-time chai lover. Let's sip tea and write some code and some chit-chat.
Ab ye b Hindi me linkne to mat bolna, abhi ke liye itna hi likenge.
Baaki baad me.

Sponsors ka welcome h: team@hiteshchoudhary.com
Sports betting, SKILLS based Games etc apps ka promotion hum lete nhi. 
",Diverse,797000,78959681,670,,Individual
UCYA8cEWaqrpB4olR5533p5Q,Anwar Haq,"This channel guides aspiring data scientists, providing clarity on the ""why"" and ""how"" of a Data Science career.
It shares insights and experiences to help you navigate your journey.
Take a Free 2 minute assessment test to find your #1 bottleneck holding you back from getting a 6-Figure Data Science Career:
https://anwar-ul-bpk8r1k2.scoreapp.com/
",Data Science,16000,522650,123,,Individual
UCZ50rYSkYQG31YDEJm9Di_g,Coursera,"Welcome to Coursera! This channel is your go-to source for actionable career insights and professional development! Whether you�re just starting out or looking to advance in your field, our channel offers expert advice, skill-building tips, and industry trends to help you achieve your career goals.

We cover a wide range of topics, from emerging tech skills and data analysis to leadership strategies and workplace productivity. Our videos are designed to provide you with practical knowledge that you can apply immediately in your job or studies.

Join us every week for new content that will empower you to take control of your career. Subscribe now, and don't forget to hit the notification bell so you never miss an update. Let�s unlock your potential and take your career to the next level!
",Diverse,314000,37321520,1684,,Company/brand
UCm5mt-A4w61lknZ9lCsZtBw,Steve Brunton,,Diverse,480000,29826335,560,,Individual
UC7zZ2-Q_oxbUaoMVL0z51wg,Sajjaad Khader,"Teaching you how to break into tech in 2025. 

?? Hi! I'm Sajjaad, a 23 year old big tech software engineer (ex-Amazon). 
?? I graduated with a masters degree from Georgia Tech in computer science at 20. 

Through sharing my own academic/career experiences, exploring useful tools, and interviewing successful people in tech, I hope to inspire a new generation of folks interested in tech and demystify the process when it comes to education and finding great jobs with great pay!

?? My Other Socials
??Instagram: @sajjaad.khader - 465k Followers
??TikTok: @sajjaadkhader - 185k Followers
??LinkedIn: sajjaad-khader - 45k Followers

?? Check out my free resume template!
https://sajjaad-s-site.thinkific.com/courses/land-tech-job
",Diverse,210000,34507015,1211,,Individual
UCzAF54cHk1ZO82af-8E3qOQ,CareerFoundry,"CareerFoundry is a leading online school for career change, dedicated to educating the next generation of tech talent. We offer cutting-edge courses in UX Design, Web Development, Data Analytics, Digital Marketing and UI Design and Product Management, working with the industry's best professionals in each field to create the most thorough learning materials that promise to take you from beginner to job-ready (guaranteed) in 6-10 months.

Learn about our UX Design, Web Development, Data Analytics, Digital Marketing and UI Design courses here: https://careerfoundry.com/",Diverse,302000,16606795,381,,Individual
UCV0qA-eDDICsRR9rPcnG7tw,Joma Tech,"I talk about life in Silicon Valley and at big tech companies.

Follow me on:
Instagram: http://instagram.com/jomakaze
Twitter: https://twitter.com/jomakaze

Business inquiries: business@joma.io

Facebook: Joma Tech 
Instagram: jomakaze",Diverse,2350000,193817330,89,,Individual
UCkw4JCwteGrDHIsyIIKo4tQ,edureka!,"Thank you for Subscribing! If you have not, Subscribe now!

We are a live & interactive e-learning platform with the mission of making learning accessible to everyone. We offer instructor-led courses, along with 24/7 on-demand support to achieve highest course completion rates in the industry! Our real-life projects, 24*7 Support, Personal Learning Managers ensure that your learning goals are met!

Special offer! Flat 20% Off on All Courses, Use Code ""??????????????????""

By subscribing to Edureka Channel, you'll never miss out on high-quality videos, webinars, sample classes & lectures from industry practitioners & influencers. Our research team curates content on trending topics in the areas of DevOps, Generative AI, Data Science, Artificial Intelligence, Cybersecurity, AWS, Azure, Google Cloud, Salesforce, Blockchain, React, Python, Selenium, Tableau, PMP and many more. 

Call us on IND: 9606058406 / US & Other Countries: +18335643323 (toll-free) to talk to our Course Advisors.",Diverse,4420000,459719903,11786,,Company/brand
UCChmJrVa8kDg05JfCmxpLRw,Darshil Parmar,"Freelance Data Engineer and Solution Architect. 

I love learning about technology and teaching thing I know to other people. The goal of creating this channel was to teach everything I know to the world, I have spent most of my time learning things online and I want to share all my learning on this youtube channel. 

I will be posting content related to data engineering, architecting systems, data science, machine learning, and interview preparation.

Happy Learning :) 
",Data Science,196000,10263628,165,,Individual
UCH6gDteHtH4hg3o2343iObA,Analytics Vidhya,"For those of you, who are wondering what is �Analytics Vidhya�, �Analytics� can be defined as the science of extracting insights from raw data. 

The spectrum of analytics starts from capturing data and evolves into using insights/trends from this data to make informed decisions. 

�Vidhya� on the other hand is a Sanskrit noun meaning �Knowledge� or �Clarity on a subject�. Knowledge, which has been gained through reading literature or through self-practice / experimentation.

Analytics Vidhya provides a community-based knowledge portal for Analytics and Data Science professionals. The aim of the platform is to become a complete portal serving all knowledge and career needs of Data Science Professionals. 

7805",Data Science,132000,18423829,1907,,Company/brand
UCUzGQrN-lyyc0BWTYoJM_Sg,What's AI by Louis-Fran�ois Bouchard,"Subscribe for AI insights, guides, new techniques, courses, and more...

I am Louis-Fran�ois (or just Louis, loo�ee, French pronunciation), from Montreal, Canada, also known as ""What's AI"", co-founder of Towards AI, and ex-PhD student at Mila.

Focused on making AI accessible. I aim to demystify the AI �black box� for everyone and sensitize people about its potential and risks.

I also publish articles on my blog every week if you enjoy short reads: https://www.louisbouchard.ai/, and have my updates on the newsletter https://louisbouchard.substack.com/.

Check out our courses, trainings and B2B consultation offers: https://www.louisbouchard.ai/b2b/

?Join our discord server with many other AI enthusiasts: https://www.louisbouchard.ai/learn-ai-together/
",Data Science,69800,4173757,587,,Individual
UCZ-qVFZubQ-pVHc9SQ9HjzQ,Codelopment,"Welcome to Codelopment
� Your Practical Coding Partner ??

Codelopment, founded by LAKSHYA, helps you learn coding through real projects. We believe that applying what you learn is essential for success.

Having projects on your resume is crucial for jobs and placements. Codelopment guides you in building projects in different programming languages, making sure you�re job-ready. Whether you�re new to coding or switching to IT or Computer Science, this channel supports you.

?? Need Free Source Code?
Drop a comment on any of our videos with your project name � we�ll get back to you and help you for free!

?? For Custom/Paid Projects:
Call or WhatsApp us at +91-7070750122 for personalized project support.

?? Check out our Udemy Course:
Codelopment Python Full Stack Development

?? For Collaborations & Queries:
codelopmentxllg@gmail.com

?? Disclaimer: Codelopment offers project help strictly for learning and educational use. We do not support plagiarism or misuse of academic work.",Diverse,23500,5867148,1067,,Individual
UCCWi3hpnq_Pe03nGxuS7isg,CampusX,"Hello, I'm Nitish Singh, the founder of CampusX, your online gateway into the world of data science! At CampusX, we believe that quality education is a universal right, not a privilege. We aim to provide TOP TIER data education to everyone with a  passion to learn. On our YouTube channel, we provide high quality free content covering everything related to data. Apart from this, we also provide paid mentorship programs for students where enrolled students get the benefit of personalized guidance through live and recorded video lectures, daily skill-building activities, hands-on projects, assignments, and interactions with industry experts. 

Leveraging my 10 years of teaching experience in the data industry, primarily in Machine/Deep Learning, I bring real-life industry experiences directly to your learning journey.

Explore our video courses at https://learnwith.campusx.in/ for in-depth technology lessons.

For all business inquiries, please reach out to support@campusx.in
",Data Science,437000,54465708,1283,,Company/brand
UCxKAuN76I7bkAK0sRVOWcuQ,Jerry Strazzeri,"Especialista em Ci�ncias de Dados em Marketing Digital, Marketing Science e E- commerce.

J� trabalhei como cientista de Dados no Google, Meta (Facebook e Instagram), Tiktok,  Disney, Woolworths (Supermercado), Commonwealth Bank e Fairfax Media. 

Morei muitos anos na Austr�lia e hoje em dia moro na Fl�rida nos EUA. 

Tamb�m tenho um curso de Ci�ncia de Dados e Marketing Science. 

",Diverse,102000,3770797,219,,Individual
UCTVTlRE_gyvZvEFJOxRZlrA,DataScientest,"?? DataScientest.com est un organisme de formation aux m�tiers de la Data Science proposant un format hybride alliant la stimulation de s�ances de coaching � la flexibilit� de cours en ligne que l'apprenant d�couvre � son rythme au travers d'une plateforme d'apprentissage ludique !

?? Notre objectif : favoriser l'apprentissage de la tech � tous, et partout.

?? Depuis 2017 notre expertise p�dagogique en Data science et nos valeurs ont s�duit plus de 8000 alumni, ainsi que 70 grands groupes (dont 30 du CAC40).

?? Envie de passer ma�tre en Data Science ?
#DataAnalyst ? #DataScientist ? #DataEngineer ? #DataManagement ?
D�couvrez toutes nos formations : https://datascientest.com/formations-data

?? Trouvez le cursus fait pour vous
En bootcamp (11 semaines intensives) ou en formation continue (entre 6 et 9 mois), choisissez le format qui vous convient !
 
??Vous souhaitez d�couvrir d'autres astuces Data & IA ?
?? Rendez-vous sur notre Blog : https://datascientest.com/blog-data-ia-actualites 
",Data Science,32800,2585928,665,,Company/brand
UCa9gErQ9AE5jT2DZLjXBIdA,Shaw Talebi,"AI Educator & Builder | PhD, Physics
--

I got my PhD from UT Dallas, where I applied data science techniques to human health and performance research.

During grad school, I began freelancing with my data science and research skills on Upwork and beyond.

After graduating, I worked as a data scientist for 1 year at Toyota Financial Services.

In July 2023, I left my DS role to pursue entrepreneurship full-time.

And now I am here.",Data Science,82100,3938074,160,,Individual
UCn1USB9-5UqKJTSHd1JGcVw,BEPEC,"30,000+ Enrolled Learners | 15,000+ Successful Career Transitions
Join thousands who have transitioned into Data Analytics, Data Science, AI, Data Engineering, and Generative AI � whether you�re a working professional, returning after a career gap, a faculty member, or a fresher.

Struggling to secure a job in India, the USA, UK, Canada, or the UAE?
We help students, professionals, and even homemakers land roles in Data Analytics, Data Science, Machine Learning, Data Engineering, Generative AI, and AI across these countries.

Our implementation-based learning with internship courses helps you build a strong portfolio to bridge the gap between industry expectations and your skills.

? Get a customised career transition plan!
?? WhatsApp/Call us: +91 96444 66222
?? Or schedule a 1-on-1 call with Kanth: https://bepec.in/registration-form/
",Data Science,130000,20501017,843,,Individual
UCY6N8zZhs2V7gNTUxPuKWoQ,Ishan Sharma,"I'm a YouTube creator with 1.7M+ subs making videos on upskilling, business and AI. The goal is to help people make a living doing what they love.

I also run MarkitUp, a marketing agency based in Bengaluru helping brands grow on social with organic and shareable content. MarkitUp has worked with 40+ brands, from individuals and startups to publicly listed enterprises in India and companies in US & UK.

I co-authored Unlocking Unicorn Secrets with a mission to uncover stories of 20 Unicorn founders in India, from childhood to building a billion dollar company. These include Ritesh Agarwal of OYO, Nikhil Kamath & Nithin Kamath of Zerodha, Ghazal & Varun Alagh of Mamaearth among others. The book was published by Penguin on 15th August 2023 and went on to become an Amazon Bestseller, selling over 10,000 copies.

I've also delivered 40+ speeches at colleges across the India including IITs, NITs and many more. I've also done corporate sessions on AI with brands like HP, Lenovo, etc.
",Data Science,2030000,414070508,1779,,Individual
UCCktnahuRFYIBtNnKT5IYyg,Intellipaat,"Intellipaat is a global online professional training platform with 10.2M+ learners. We offer certification and degree programs in collaboration with IITs, NITs, and top global universities. Courses span Data Science, AI, Cloud, DevOps, Cybersecurity, Business Analytics, Digital Marketing, and more. Programs feature live training, hands-on projects, expert faculty, and 24�7 support. Learners benefit from lifetime access, resume building, mock interviews, and placement help. Our job portal with 3,100+ hiring partners helps fast-track careers. Intellipaat has won multiple awards for excellence in online education.

For more information, visit us at:- https://intellipaat.com

Contact us at:- sales@intellipaat.com | +91-7022374614 , US: 1-800-216-8930",Diverse,12500000,268528397,5352,,Company/brand
UCkR95L-wEZ6ClrPzqDPsiwA,Charlotte Chaze | Break Into Tech,"We've helped thousands of people break into tech with no experience. Teachers, retail workers, SAHMs, bartenders, customer service reps, etc.

I broke into tech by learning data analytics online. Then I built a company to help others do the same... and it's working. 

TikTok: @charlottechaze (470k+) 
",Diverse,22000,4315277,416,,Individual
UCSuSMflMkn4yH9QA5vzsDyA,Anshul Sethi,"I landed a full-time job in Australia as an International student BEFORE I EVEN graduated!

Yes, you read that right!

My name is Anshul Sethi, and I moved to Australia from Delhi in 2022 as an international student for my bachelor's degree. Like you, I started with no connections, family, or financial support while facing the pressure of paying my own university fees in Australia. Through determination and consistency, I balanced studies, part-time work, connection-building, partying, and playing professional cricket - yes, I am a professional cricketer!

Now, at 23, working for a South Australian Government organisation, I want to share my experience and the strategies that helped me secure multiple jobs without applying or interviewing. 

If you're considering studying and working abroad, and want a step-by-step guide to landing casual, part-time, or full-time jobs - you're in the right place

Got questions? Book a one-on-one call

Business enquiries - sethi.anshul39@gmail.com
",Diverse,4820,757972,280,,Individual
UCxXL5491Db9U8Rhfs-2LVFg,Asimov Academy,"?? Domine Python, Intelig�ncia Artificial, automa��es com n8n e muito mais!
",Diverse,143000,9189613,227,,Individual
UCZEHy3wlCHg9sk2FO79n-aw,Living In Telkom,,Diverse,6170,9290539,202,,Company/brand
UCAq9f7jFEA7Mtl3qOZy2h1A,Data with Zach,"Learn data engineering from the best!

I worked for two years at Facebook as a data engineer in 2016-2018. 
I worked for two years at Netflix as a senior data engineer and senior software engineer in 2018-2020.
I worked for two years at Airbnb as a staff data engineer! 

Follow me on all social media: @EcZachly 

I have a dog named Lulu who I love very much! 350k followers on LinkedIn;  Skilled at data engineering, analytics engineering, and software engineering; advocate for mental health",Data Science,253000,5985620,170,,Individual
UCM6BWkgiGrCHG967i_PyMiw,Dicoding Indonesia,Indonesia�s top technology education provider??,Diverse,90900,10392656,1367,,Company/brand
UCKUzdt2sELyxd6mz-bAx3bA,Rai,Il meglio della programmazione RAI,Diverse,6420000,6631895112,97535,,Individual
UCeVMnSShP_Iviwkknt83cww,CodeWithHarry,"Code With Harry is my attempt to teach basics and those coding techniques to people in short time which took me ages to learn.
At Code With Harry, I provide a quick and to the point demo along with resources of anything and everything I teach. Source code and other resources are hosted on my website CodeWithHarry.com. I provide source code(if any) in the description of every video.
Quality programming videos in Hindi :)
Business enquiries: harry@codewithharry.com
",Diverse,9190000,1041249962,2472,,Individual
UCuyfszBAd3gUt9vAbC1dfqA,Avery Smith | Data Analyst,"Hi guys! I'm Avery. And I'm obsessed with data. I'm stoked to be teaching you about python, data science, data visualization, and data analytics. Yay!

Please subscribe to stay up to date with everything I'm working on! 

And don't be a stranger, if you have a question ask! You can comment, or find me on most social media platforms.",Data Science,58100,2479047,415,,Individual
UC2cIYtzg3PfVZdnjepLoSLQ,CYC Official ,"Choose Your Career is your go-to destination for expert advice on career planning, education pathways, and professional growth. Hosted by Vanya Raj, the channel offers insightful videos that help students and professionals make informed decisions about their careers. Whether you�re looking for guidance on selecting the right course, understanding various career options, or tips on excelling in your professional life, Choose Your Career provides clear and actionable advice to set you on the path to success.

Join our community of learners and take the next step towards achieving your career goals!

For collaborations & paid promotions Email me at : Chooseyourscareer@gmail.com
",Diverse,118000,22129626,4081,,Company/brand
UChz4r4VXwPxTqx083Am0IeQ,Khoury College of Computer Sciences,"Khoury College of Computer Sciences is one of Northeastern University�s nine colleges, with the main campus located in Boston, Massachusetts. Khoury College is part of a global network of campuses with locations along the east and west coast, as well as internationally in Vancouver and London. Interdisciplinary programs and innovative research at Khoury College are inspired by the needs of our technology-driven world. We believe that CS is for everyone and the Khoury College education is propelled by expert faculty, a rigorous curriculum, transformative work experiences, and a collaborative community.?",Diverse,2700,1406267,246,,Company/brand
UCCix0G-RLoRTenSFEGrQILQ,Algoritma Enterprise AI Education,"Established in 2017, Algoritma is a leading provider of Data Science and AI education based in Jakarta. We offer hands-on training programs for both individuals and corporate teams, equipping professionals with the technical skills needed to thrive in the era of Industry 4.0.

Our mission is to build a strong technical workforce across Indonesia and Southeast Asia by delivering practical, career-focused learning in data analytics, machine learning, and AI development.

This channel features highlights from our programs, success stories, and accessible insights into the world of Data Science and AI.
",Data Science,21400,1124847,789,,Company/brand
UCf8Pck0ge4_qV3Pc4xV31Xg,Shahi Vlogs,"Welcome to Shahi Vlogs ?? � your guide to the best Institutes, Courses, Career Opportunities, and Job-Oriented Training Programs in India.
On this channel, you�ll find:
?? Institute Tours � Real classroom & lab visits
?? Course Details � Syllabus, Duration & Fees explained
?? Student Reviews & Placements � 100% placement assurance courses covered
?? Career Guidance � Best options after Civil Engineering, IT, Interior Design, Data Analytics & more
Our mission is to help students and professionals choose the right institute & course for a successful career ??
?? For Collaborations & Business Enquiries: shahivlog@gmail.com
",Diverse,101000,12690755,569,,Individual
UCf1DIJD9jzFTHpn7uvZTn3A,Shiva Gautam,"Welcome to Shiva Concept Solution!
Hi, I�m Shiva Gautam, and I created this channel to help learners master programming concepts, from the basics to advanced topics. Here, you�ll find a wealth of content covering languages like  C#, .NET, Python, and foundational knowledge like Data Structures. I also specialize in Interview Preparation, MERN Stack, and modern technology trends.

This channel hosts numerous videos aimed at:
- Building awareness about modern technologies
- Tackling interview questions with clear explanations
- Equipping you with skills to excel in the tech industry

If you have any questions, feel free to reach out at  shiva.gtm@gmail.com

For learning opportunities:
Offline Classes: Visit https://shivaconceptsolution.com
Live Classes & Recorded Videos https://codemug.in
Job Opportunities:  https://technokri.com
Let�s learn, grow, and succeed together!
#shivaconceptsolution #shivasir #codemug
",Diverse,32200,4663840,1080,,Individual
UCPvDKIsrjA_h3g5yZJwCIHA,Tech Classes,"This is your one-stop destination to master the skills, tools, and strategies needed to become a successful in Data Field! 

Hello, I�m Ayushi Mishra, a passionate educator with 4+ years of experience in Data Science, started my career as a Data Analyst. I created this channel to guide aspiring data professionals like you to land your dream job faster and build a successful career in Data Field.

What You�ll Find on This Channel:
? Job Preparation
? Portfolio-Ready Projects 
? Interview Guidance 
? Skill Tutorials 
? Career Advice 

Whether you're learning Data Analysis, Data Science, or just want to know the strategies to build a successful career, our videos will help you get hired faster, enhance your skills, and stay ahead of the curve.

?? For Brand Collaborations or Business Enquiries:
We welcome partnerships with brands related to data science, analytics tools, career development, and education. Please email us at techclasses0810@gmail.com opportunities.
",Data Science,89100,7274540,313,,Company/brand
UCAWsBMQY4KSuOuGODki-l7A,Emma Ding,"Hey, I'm Emma, a former data scientist now helping you reach your data science career goals.

? You Deserve Your Dream Job
When you know how to LAND interviews, PREPARE for interviews efficiently, and EXCEL in your interviews, you will have the confidence to rapidly advance your career and land the job of your dreams. All of our content is designed to help you with those three elements, using practical strategies and resources.

? Is this you?
Many data science professionals feel overwhelmed by the numerous skills required to land a data scientist job, often spending significant time searching for interview questions without a clear action plan or system to follow that leads to their dream job offer.

? We offer:
??�Instant Interview System to Secure Interview Opportunities
?? Data-driven Interview Preparation
??�3E System to Excel Data Science Interviews
??�Offer Negotiations

Welcome to the channel once known as Data Interview Pro. Let's land that dream job together!
",Data Science,65300,3250624,154,,Individual
UCHz35rvIKf2CMqj7oiMv9WQ,DecisionForest,"DecisionForest is a Databricks Partner focused on helping organisations achieve faster time-to-insight and annual cost savings through strategic Databricks implementations.

I'm Dan Williams, a Databricks MVP & Partner Solutions Architect Champion and in these videos I dive into the world of data engineering, AI and tech innovation.
",Data Science,31500,3395794,256,,Company/brand
UC55-mxUj5Nj3niXFReG44OQ,Platzi,"?? Aprende desarrollo web, ingl�s, Excel, ciberseguridad, AI y Marketing en la escuela de tecnolog�a m�s grande de habla hispana.
",Diverse,1900000,320024636,2830,,Individual
UCYbd9AIkp7outXrlT4h-CFw,Cit� des M�tiers des C�tes d'Armor,"La Cit� des M�tiers des C�tes d'Armor est un lieu d'information et de conseil sur les m�tiers, les formations, la recherche d'emploi, la cr�ation d'entreprise et le changement de vie professionnelle.

Les conseils sont gratuits, anonymes et ouverts � tous.

En parall�le, des rencontres avec des professionnels de tous les secteurs d'activit� sont organis�es afin d'�changer et de s'informer.",Diverse,8340,1468231,459,,Individual
UC9Tl0-lzeDPH4y7LcRwRSQA,Egor Howell,"?? FREE Resume Template

Contact: egor@egorhowell.com
",Diverse,55100,2182372,89,,Individual
UCkcqmxjMXaBb0kDWqqSEU1g,Sahil & Sarra,"On this channel, Sahil and Sarra share their experiences in the tech industry. Subscribe and hit the notification button to stay up-to-date on new content :)

Au revoir!

DISCLAIMER: All opinions shared on this channel are our own and don't express views or opinions of our employers. We only use our experiences and public knowledge to make our content. NO CONFIDENTIAL INFORMATION of our employers is used or shared on this channel. This is not a Professional Coaching channel, it only highlights the public resources that have worked for our careers.
",Diverse,870000,91614356,232,,Individual
UCBwmMxybNva6P_5VmxjzwqA,Apna College,"I'm Shradha, Ex-Microsoft Software Engineer, DRDO. My journey started from a small village of Haryana, in college I learned coding and got 2 internships at Microsoft, work for DRDO, invited for Google SPS and a Full Time Offer from Microsoft. I believe that skills are more important today and want to help students to learn & crack their dream companies ??
So, I left my Microsoft Job and started to teach students. I love my students and I love sharing my learnings.
To Chalo Phodte hain!


Feel free to contact Shradha Didi for Seminars, Hackathons & Collaborations at the given email id below.


",Diverse,7290000,1188786599,981,,Individual
UCwo0hMpDDHhb9RBbMOL3qEQ,Skooldio,"Skooldio ????????? Education Technology (EdTech) ????????????????????????????? ??????????????????????????????????????????? ??????? Learn Corporation ???????????????????????????????????????????? ???????????????????????????????????????????????????? ?????? Data, Design, UX/UI, Programming, Technology, Digital Business ??? Soft Skills ???????

????????????????????????????????????????????? ???????????????? ????????? ???????????? ?????????????????????????????????????????????????????????????????????????

????????? Skooldio ?????????? Craftsmanship ????????????????????????????????????????????????????????????????????????? ????????????????????????????? ?????????????????????????????????? ?????????????????????? EdTech ?????????????????????? User Experience ??????????????????????????????????

????????????????????????????????????? www.skooldio.com",Diverse,71100,3466354,555,,Individual
UCNU_lfiiWBdtULKOw6X0Dig,Krish Naik,"I am the Founder of KrishAI Technologies Private Limited and my experience is pioneering in machine learning, deep learning, and computer vision,an educator, and a mentor, with over 10 years' experience in the industry. This is my YouTube channel where I explain various topics on machine learning, deep learning, and AI with many real-world problem scenarios. I have delivered over 30 tech talks on data science, machine learning, and AI at various meet-ups, technical institutions, and community-arranged forums. My main aim is to make everyone familiar of ML and AI.Please subscribe and support the channel. As i love new technology, all these videos are free and I promise to make more interesting content as we go ahead.
For any collaboration drop me a mail at krishnaik06@gmail.com

Please free to drop a mail for Product unboxing, GPU's unboxing and any other collaboration",Data Science,1320000,127602389,2072,,Individual
UCJQJAI7IjbLcpsjWdSzYz0Q,Thu Vu,"Hi there! Thanks for checking out my channel. Me in 3 words: Economist turned data nerd. I'm a Data science consultant by profession in the past 5 years, based in the Netherlands. My background is in Economics and Computer Science. I love learning and explaining stuff about data science. If that sounds interesting, consider subscribing! :)

Disclaimers: 
All opinions are of my own and not of my employers.
",Data Science,326000,11853349,103,,Individual
UCJa8Lz7Ps1UmqRXKR6NOFtw,Tim Joo,"Life in my 20s living in Seattle! come join the fun ????

lifestyle +  data + tech

Business Inquiries ? timothy@timjoo.com
Instagram ? @Tim__Joo
Tik Tok ? @Tim__Joo
",Data Science,5620,478778,308,,Individual
UCxZC-5v-UccF6FXGI7VXgoQ,The iScale,"The iScale, formerly known as 'Industries Helping Hands,' was established with a mission to democratize upskilling. Recognizing the challenges faced by millions of learners, our founders prioritized affordability to address widespread skill and financial gaps, ensuring accessible pathways to personal and professional development.

The iScale acts as a catalyst, empowering college students, freshers, and working professionals to acquire industry-specific skills. Built on the pillars of innovation and community collaboration, we aspire to revolutionize the skilling of learners. The iScale is not just a platform; it is a transformative journey toward a future-ready workforce, unlocking doors to a world of exciting and meaningful career possibilities.
",Data Science,219000,12032746,790,,Company/brand
UC9qcQas8m-Dk_pjKDjgX4Iw,Learnomate Technologies,"Welcome, Dear Learners! ??

If you�re looking to start or grow your career in IT, you�ve come to the right place! At Learnomate, we make IT learning simple, affordable, and accessible for everyone. With over 12 years of experience and expertise, we�re globally renowned for our software training, including Oracle DBA, Data Science, Data Engineering, AWS, Java, DevOps, and much more!

If you�re looking for a roadmap to truly grow in a specific tech field, we offer affordable paid training that gives you everything you need � from step-by-step career guidance to mastering in-demand skills!

Even if you�re just watching our free YouTube videos, you�ll get interview tips, podcasts, student success stories, and tech memes, we�ve got everything you need to crack IT interviews and launch your career in tech.

So, hit subscribe and join us on this journey to success � let�s grow together????!

Contact us:
??+91 9325408926, +9192250 93995
?? info@learnomate.org
?? www.learnomate.org
",Diverse,77100,58822250,2536,,Company/brand
UCpbMQO3wyA-vfYiCiIGB8Iw,DataMites,"DataMites is a global training institute offering courses in Data Science, Artificial Intelligence, Machine Learning, Python, and more. Renowned for its practical approach and expert trainers, DataMites empowers learners from diverse backgrounds to build successful tech careers through hands-on training and real-world projects.

Popular Courses at DataMites:
Courses include Certified Data Scientist, AI Engineer, Certified Data Analyst, Certified Data Engineer, Python Developer, Data Science for Managers, AI for Managers, Marketing Data Analytics, HR Data Analytics, Power BI Expert, and Tableau Expert�all designed to meet current industry needs.

Why Choose DataMites?
*Internship with real-time AI projects
*Industry-aligned curriculum
*100% placement assistance
*Online & offline classes in 20+ Indian cities
*Led by AI expert Ashok Veda
*Certifications accredited by IABAC & NASSCOM FutureSkills

More details call: 1800 313 3434 or visit https://datamites.com/",Data Science,35000,15407879,1435,,Company/brand
UCRsjR0vJxD0ufV90B9WX8lA,Kedeisha Bryan - Your Data Career Coach,"Launch your $100k data career: datacareerblueprint.com

I used to deliver pizzas, now I deliver insights | Helping career changers launch $100k data careers without going back to school | datacareerblueprint.com

",Data Science,27700,731448,70,,Individual
UCjvMTgaYGYwvS3HpQJo4edQ,Top Universities,"www.topuniversities.com is the world's leading higher education community offering independent advice to students. 

Home to the annual QS World University Rankings, The QS World University Tour, The QS World Grad School Tour.",Diverse,36800,5015473,751,,Company/brand
UC4FHiPgS1KXkUMx3dxBUtPg,HolaMundo,,Not Available,931000,60127107,445,,Individual
UCelp2mfpa0fors7HePAodoA,Jean Lee,"I�m Jean�an ex-WhatsApp early engineer and Meta manager with over 20 years in tech. I was an early engineer at WhatsApp before its $19B acquisition by Meta, then led engineering teams at Meta, where I experienced firsthand how technology evolves and shapes the world.
Now, I�m on a mission to break down how AI is changing our careers, industries, and the future of work. AI will transform how we work, learn, and live, and many are overwhelmed by what this means�especially those without access or context.
My goal is to simplify these concepts and make them accessible to everyone�whether you�re starting in tech, pivoting careers, or just curious about AI�s impact. I�m here to bring credible, practical insights into the conversation, helping you not just keep up, but take advantage of AI opportunities.
No hype. No jargon. Just real-world insights for navigating AI and what�s next.

? https://www.linkedin.com/in/jeanklee/
? https://www.exaltitude.io

",Data Science,97300,5427463,224,,Individual
UC_QpDH_oeU0jXIjIQh6lKNA,Sreevidhya Santhosh,"Choosing a career or the right course is often a difficult task, be it for an individual or the child's parents standing at the junction of higher education. Understanding these perplexities, for 18 years now, I have helped individuals get informed on different courses, career options and guided them in making informed choices in terms of higher education, career, or profession.

So if you are someone who is feeling lost and are desperately looking for answers, then you have arrived at the right place.

I am Sreevidhya Santhosh - Education Enthusiast | Career Expert 

Through this channel, you will find answers that might be beneficial in making that pivotal career or educational decision. 

Sometimes all that one needs is a little help to stand up tall and high. With this thought that I have understood from my life journey, I knock on your social media every day with hopeful reminders of motivation and strength.

Keep Going, Happy Life!
",Diverse,966000,120075731,2607,,Individual
UC91RZv71f8p0VV2gaFI07pg,Vedantu JEE Made Ejee,"Welcome to Vedantu Math JEE Made EJEE, the best YouTube channel for JEE preparation, CBSE Boards class 11 and class 12 preparation, and other engineering exams in India. Our channel is dedicated to providing students with high-quality, easy-to-understand video lessons, practice problems, and tips and tricks to help them excel in their exams.

Our team of experienced Master Teachers create engaging and informative content that covers a wide range of topics, from JEE preparation class 11 and class 12 to career guidance and motivation. We understand that preparing for competitive exams like IIT JEE, CUET, and NDA can be challenging, which is why we strive to simplify complex concepts and provide students with effective study strategies and JEE preparation tips.

Thank you for subscribing to our channel as your trusted source for JEE preparation and beyond.


?? For Inquiry or Any JEE Related Queries Call?? - 8065820782
",Diverse,2300000,767607348,9652,,Company/brand
UCObs0kLIrDjX2LLSybqNaEA,Great Learning,"Great Learning is a global ed-tech company that provides professional and higher education programs, with a focus on online and blended learning. They offer courses and certificate programs in various domains like AI, Gen AI, technology, data science, and business, often in collaboration with top universities, including IITs, MIT Professional Education, Texas McCombs at UT Austin, JHU, Northwestern University, Deakin University & many more. Their goal is to help professionals enhance their skills and advance their careers. 

Great Learning aims to make quality education accessible to anyone who wants to learn. Great Learning Academy (https://www.mygreatlearning.com/academy), our commitment to aid free learning, offers 1200+ completely FREE courses in the most in-demand job domains. In addition to videos, you can earn certificates of completion, do assignments and projects, attend live sessions and interact with top faculty & industry experts.
",Data Science,980000,75180907,2253,,Company/brand
UC_fyAp919RnkKmBrMXGwnUQ,Google Career Certificates,"New course alert! Make AI Work for You is available now.

",Data Science,692000,315933077,1041,,Company/brand
UCs5Y5_7XK8HLDX0SLNwkd3w,Visual Studio Code,"The open source AI code editor

Free download and documentation: https://code.visualstudio.com",Diverse,881000,86579283,1283,,Company/brand
UCZf_9SblvM8iTTkouFEcHtA,Marina Wyss - AI & Machine Learning,"Senior Applied Machine Learning Scientist at Twitch/Amazon helping you with your AI/ML/Data Science career.
",Data Science,103000,2868655,75,,Individual
UCEBpSZhI1X8WaP-kY_2LLcg,365 Data Science,"All AI & data courses�77% OFF until Dec.1. 
At 365 Data Science we make #DataScience accessible to all by providing the highest quality online data science education. Our courses are designed to build up your skill set from beginner to job-ready, regardless of your current level, background education, and experience.

Our data science program helps students and young professionals embark on a career as a data scientist. Demand for qualified data scientists is at an all-time high and traditional degrees are simply too expensive, time-consuming or rigid to meet the majority of needs. Our mission is to close that gap. 

We provide high quality, affordable training to open new opportunities for students and professionals all over the world. 
We constantly improve our program offering and the customer experience.
We�ve Helped More than 1 Million Student differentiate themselves by providing them with:

Ready to Start Your Career?
",Data Science,363000,16695749,273,,Company/brand
UCWB6r6WZT1Q7dd_gK-yHCMA,Hire Ready,"Hi Tech dudes ! Thanks for checking out. I am Benisha with 2 years of experience in Data science and AI Training. I love Data science and I started AI Learning since my 3rd year of college. So with 4 years of experience in working with data and 2 years of experience in Teaching AI and Data science to graduates and working professionals in software industry -"" Who need a switch in career"".

Why I started this channel is because I love AI and Data science. A lil bit mad about it??. I want you guys to have fun with learning. This channel's motto is to prove you guys - ""Working with AI and Data Science is dailydose of playing with data, business and numbers"" - Final Outcome : "" Business Growth"". 

Vibe matched? - Hit subscribe to ""Hire Ready""! Let's play with Data. Build systems that makes life easy!


I hope this AI full course in youtube becomes your favourite best youtube channel that posts AI full course in Tamil?? and AI full course in English??. ",Data Science,11100,230793,201,,Company/brand
UCjXd5MAsvEnCbzKlXdCYYKw,Data Engineer Academy,Learn the EXACT method to transition into data engineering in less than 90 days and increase your compensation by 20-100%,Data Science,14300,1515185,915,,Individual
UCSpJ1qKyNEWofOlkW5Hs55g,Datademia,"?? �Quieres convertirte en analista de datos y acceder a una de las profesiones m�s demandadas?

En Datademia, te ense�amos de forma pr�ctica y desde cero con nuestros Bootcamps y M�sters en espa�ol. 

?? Domina los datos y transforma tu futuro. 

?? Empieza gratis con nuestros cursos introductorios y descubre c�mo usar herramientas clave como Excel, Google Sheets, SQL, Python y m�s. 

?? Aprende con nosotros y trabaja como analista de negocios, analista de datos, cient�fico de datos o ingeniero de datos, profesiones que est�n revolucionando el mundo.

?? Suscr�bete y empieza tu camino en datos hoy. 

�El futuro te espera! ??????",Not Available,30500,2718629,1010,,Individual
UCwr-evhuzGZgDFrq_1pLt_A,Error Makes Clever,"Empowering developers to level up their skills through training in software development technologies?????
Join our community today !
",Diverse,1150000,109485829,419,,Individual
UC8_RSKwbU1OmZWNEoLV1tQg,Data with Baraa,"Hey, I'm Baraa, a Data Engineer with over 17 years experience, Ex-Mercedes Benz, where I led and built one of the biggest data platforms for analytics and AI.

Now I�m here to share it all through visually explained courses, real-world projects, and the skills that will get you hired. I�ve helped millions of students transform their careers.

If that sounds interesting, consider subscribing! See you in the next video
",Data Science,226000,10935703,354,,Individual
UCo7EHzKF2zDFWszw7Dg4mPw,Alura,"Sauda��es Dev! ?

Que bom ter voc� aqui no canal da Alura, a maior escola de tecnologia do Brasil!

12 anos transformando a comunidade tech do pa�s. Prepare-se para o pr�ximo n�vel da sua carreira em tecnologia!?

Aqui no nosso canal voc� encontra todos os conte�dos para mergulhar com profundidade e navegar em todas as �reas da tecnologia: programa��o ??, IA ??, ci�ncia de dados ??, UX e design ??? e muitos outros temas ??

Aproveite e visite o nosso site e nossas redes sociais para ficar por dentro de tudo! ??
",Data Science,499000,33041487,1570,,Individual
UCtoNXlIegvxkvf5Ji8S57Ag,Lore So What,"Ciao ?? I�m Lore and I�m a Self-Taught Data Analytics Lead working at Amazon.

My goal is to craft the ultimate learning resources to help you break into and thrive in the exciting world of Data Analytics and Data Science ??

While doing this, I will do my best to remove the fluff and answer the SO WHAT question ??

?? Get in touch
loresowhat@gmail.com
",Data Science,130000,2941136,281,,Individual
UC5TOFhyb_LxL2VG_Zenhpzw,Thai PBS,,Not Available,10200000,4884621656,174080,,Individual
UC0T6MVd3wQDB5ICAe45OxaQ,WsCube Tech,"WsCube Tech is Vernacular Upskilling platform revolutionizing the way you learn & develop your career skills.??

We understand the challenges faced by job aspirants in our country. With limited resources and lack of top-notch skill mentorship in native language, many talented individuals miss out on global job opportunities. That's where WsCube Tech steps in.??

??Our mission is clear: 

�To bridge the gap in India's upskilling ecosystem by providing tech-enabled & job-oriented training programs in vernacular languages.�

We believe that language should never be barrier to learning anything.

With WsCube Tech, you'll gain hands-on skills that make you globally competitive. Our courses are designed to prepare over 100M career aspirants for the 'Bharat' of future. ??

??Subscribe & join us on this transformative journey. Learn: 

? Digital Marketing
? Web/App Development
? Cyber Security
? Python 
? Data Science/Analytics
? Programming 

??For inquiries, call on +91 9269698122, 9024244886
",Diverse,4200000,399146870,5880,,Company/brand
UC2MYZHG8a56u4REI2RedtRA,KaaShiv InfoTech,"IT jobs in Tamil - jobs hunter in tamil - Learn to Code � to teach people how to different technologies by way of clear and organized lessons. The guide covers a variety of topics, ranging from beginner to advanced skill levels.",Diverse,250000,34045368,2966,,Individual
UCpisqKhElAkvqs9lzhmjuAQ,Ribhu Mukherjee | Susmita Sen,"Tera software career hum banaenge!

Welcome to our YouTube channel where we share our experiences/learnings in software career, and help you build your software career. Here you will find:
??Tech resources/links for interviews, coding rounds
?? Offcampus oppurtunities/jobs
?? Career growth tips,tricks, guides

Practically everything you need to develop an awesome career in tech!

Who are we?
Ribhu Mukherjee is a GATE CSE Ranker, who has cracked IIT MADRAS, and currently a software engineer in Qualcomm RnD.
Susmita Sen has worked with 5+ startups with a variety of freelance work.

Thankyou for joining us in this journey.
",Diverse,8600,1363625,267,,Individual
UCgeOgQcMFGlWUuCe_xAGUeg,Career With Riwas ,"?? Welcome to Career With Riwas! ??
Hi, I'm Riwas .
I'm Your Career Coach

Your career dreams deserve a partner who inspires, guides, and helps you shine�and that's exactly why I'm here! On this channel, I bring you everything you need to unlock your potential and achieve your career goals.

No matter where you are in your career journey, you're looking for career advice, job tips, skill development, career guidance, or exploring courses, Career With Riwas is here to support you every step of the way. 

Subscribe today and start reaching your career goals with Riwas!

Hit the Like button ??
Share with your friends, family. 
Comment your valuable words. 
If it's helpful to you then subscribe Career With Riwas.

DM for further information ??
Thanks for giving your valuable time??

Your Career Compass ?? 
??Career With Riwas??

?? emailwithriwas@gmail.com
",Diverse,10900,8747496,379,,Individual
UCGPjzyzRdvg2RxfWVWOzsDA,Salary Transparent Street,"?? At Salary Transparent Street, we ask strangers, ""What do you do? How much do you make?"" to normalize financial transparency, close pay gaps, and help people learn and earn more.

?? Created by Hannah Williams and her husband, James Daniels, in April 2022 after finding out she was underpaid. Our mission is to normalize pay transparency and help workers learn (and earn) more.

?? Follow us on TikTok, Instagram, Facebook, YouTube, and LinkedIn for daily interviews!
",Diverse,212000,72360136,900,,Individual
UCDybamfye5An6p-j1t2YMsg,Mo Chen,"Data Analysis Lab - Build Your Data Portfolio in 30 DAYS: https://www.skool.com/data-analysis-lab
How I Built 50+ Data Projects in 90 DAYS: https://mochen.info/50-projects-90-days/
Join my newsletter: https://www.mochen.info

Sponsorships: enquiries@mochen.info

Hi! I'm Mo, and I help career switchers transitioning into Data Analytics. I'm a Data & Analytics Manager, and I've been working in the Financial and Banking Data space for 7 years now.
",Data Science,194000,7994335,279,,Individual
UCWv7vMbMWH4-V0ZXdmDpPBA,Programming with Mosh,"Hi! I'm Mosh ??, a software engineer with over 20 years of experience.  I'm all about clear, concise, practical coding tutorials � no fluff, just the good stuff! My courses focus on real-world projects and the skills that will get you hired. I've helped millions of students transform their careers. 

Want to level up your skills? Subscribe and hit the bell to get notified when I upload new videos!

For sponsorships: partners@codewithmosh.com
",Diverse,4870000,258371797,243,,Individual
UCh9nVJoWXmFb7sLApWGcLPQ,codebasics,"I am Dhaval Patel, an AI professional with 14 years of experience with big tech companies such as Bloomberg and NVIDIA. I am also a co-founder of AI services company AtliQ. The co-founder of this channel Hemanand Vadivel has 6+ years of DATA INDUSTRY experience in Europe. We teach data analytics, data science, and AI on this channel. All our content is highly relevant to the industry.

Visit https://codebasics.io/ for my video courses that teach technology most simplistically and practically!

For all Business and Sponsorship-related inquiries, don't hesitate to get in touch with business@codebasics.io.
",Data Science,1420000,146980946,1142,,Individual
UC8butISFwT-Wl7EV0hUK0BQ,freeCodeCamp.org,"Learn math, programming, and computer science for free. A 501(c)(3) tax-exempt charity. We also run a free learning interactive platform at freecodecamp.org",Diverse,11300000,924052775,2006,,Company/brand
UCteRPiisgIoHtMgqHegpWAQ,Sundas Khalid,"Hey! I am Sundas and I help you succeed in the data science and tech fields. 

I am a self-taught data scientist from non-tech background, currently at a FAANG company. I have been in the industry for over 10 years across two big tech companies as a high-performer (top 1%).

Data Science is the hottest job family but there are many unknowns. Over the years,  I have built knowledge on how to lead a successful career and love sharing it on this channel. I share tips for people interested in entering data science with the goal to democratize knowledge and make complicated topics digestible for everyone. 

All opinions on this channel are my own and do not reflect the opinions of the company I work for or have ever worked for in the past.
",Data Science,335000,42875401,312,,Individual
UCLLw7jmFsvfIVaUFsLs8mlQ,Luke Barousse,"What's up, Data Nerds! I'm Luke, a data analyst who loves making tutorials.

? If you have a question, drop a comment in any video. 

?? Email is for business inquiries only, please.


",Data Science,579000,29113541,165,,Individual
UCaDeziWjjPT2Q-Hz4BrmcbA,Natassha Selvaraj,"Hi, I'm Natassha.

I am a self-taught data scientist with a passion for content creation. I have worked with data at multinational firms and startups in various industries, like marketing, finance, and consulting. 

I believe that data, when used wisely, can inspire tremendous growth for individuals and organizations.

On this channel, I share data science and AI tips and tutorials to help you break into the field. 


",Data Science,37800,1183802,25,,Individual
UCmKaoNn0OvxVAe7f_8sXYNQ,Jovian,"We offer practical and industry-focused programs that help you learn technical skills, build real-world projects, and advance your career. 

Visit https://jovian.com to learn more!

",Diverse,60200,4364679,259,,Individual
UC0RhatS1pyxInC00YKjjBqQ,GeeksforGeeks,"Welcome to the Official Channel of GeekforGeeks, your one-stop destination for diverse tech education!

?? Tech Variety:
Explore Data Structures, Algorithms, Machine Learning(ML), Artificial Intelligence(AI), Software Testing, Python, Data Science, Web and App Development (Flutter, React JS, JavaScript, etc), and more.

?? Complete DSA Concepts and More:
Master not only Data Structures and Algorithms but all essential Computer Science topics. Perfect for both beginners and those looking to polish their skills.

?? Interview Insights:
Ace tech interviews with insights from real interview experiences, building confidence for your next opportunity.

?? Tech Trends Updates:
Stay ahead with our updates on the latest tech trends and industry insights.

?? For All Tech Enthusiasts:
Whether you're a student, a seasoned professional, or simply passionate about tech, our content is tailored for enthusiasts of all backgrounds!


?Join us on this tech journey! Subscribe Now! ?
",Diverse,1150000,184461351,3867,,Company/brand
UC_r6O_NeW84dt4AyUUVT5xw,UPES,"Established through the UPES Act, 2003, of the State Legislature of Uttarakhand, UPES is a UGC-recognized private university. As per the 2025 National Institutional Ranking Framework (NIRF), UPES has been ranked 45 in the University Category, while its School of Engineering is 43, the School of Law is 18, and the School of Business is 36,  in India. UPES has also been accredited by NAAC with a Grade �A�.
UPES offers graduate and postgraduate programs through its seven schools: School of Advanced Engineering, School of Computer Science, School of Design, School of Law, School of Business, School of Health Sciences & Technology, and School of Liberal Studies, with about 13,000 students and 1500+ faculty and staff members.
",Diverse,20600,151009387,1236,,Company/brand
UCDrf0V4fcBr5FlCtKwvpfwA,College Wallah,"Welcome to College Wallah Channel, the channel which will help you right from your college journey till your landing in your dream Job. You will get all the solutions for your college problems. Not only your problems,you will learn here each and every thing related to your college life. 
Are you thinking it's Just about College Life ?? Nooo, it's so much more than that!!! You will get all the necessary tips regarding your education, time management and even career guidance. Roadmaps to achieve Big and Grow higher directly from the Pro personalities and experts of the industry. Not the Just Experienced ones, Younger ones of your age with a lot of experience. Everything at a single place!!! Let us Help you to get the success from the bottom till you reach your destined heights.
",Diverse,981000,119629265,1460,,Individual
UCsvqVGtbbyHaMoevxPAq9Fg,Simplilearn,"Simplilearn is the world�s leading online training provider and has helped over 8 million professionals, and corporations acquire the skills they need to succeed in the digital economy. From artificial intelligence to cyber security, and from product management to software development, we work with the world�s leading universities, technology companies, and certification bodies to bring you the latest skills tied to the most rewarding careers. Whether you�re a recent graduate, seasoned professional, senior executive or manager looking to upskill your organization, we have the program for you. 
",Diverse,5720000,492777964,10177,,Company/brand
UCxX6KabxbGpk9Be57xMktRQ,LearnTube,"LearnTube (Formerly CareerNinja) is a Gen-AI career companion that has helped over 2.7 M+ youth accelerate their careers.??
 
Backed by Google and recognised by top publications including CNBC-TV18, Times of India, Inc42 and more, LearnTube offers affordable, accessible, and personalized AI-led courses for life-changing outcomes. ??

Our platform includes:
?? Personalised, Live, 1:1 AI-led interactive learning
?? Top 1% content curated by experts from around the world.
?? 200+ skills in Data Science, Web Development, Digital Marketing, Design, Business, and more.
?? Industry-verified certifications and badges to showcase your skills.
? Guaranteed doubt-solving with 200+ industry professionals.

We also provide interactive cohort-based learning, placement support bootcamps, and job matching with 900+ hiring partners.??
",Data Science,13600,3025667,720,,Company/brand
UCNUFterLJ9vpFZZ0try7sLA,SOMOY TV Bulletin,"""SOMOY TV"" is the Most Popular News Based TV Channel in Bangladesh.  

""SOMOY TV"" is the Bangladesh Government Approved Most Popular Reliable News Source and Leading 24/7 News Based TV Channel in Bangladesh by Company Name : ""SOMOY Media Limited"".

We are using Multi-screening Digital Technology where Audience can watch 'SOMOY TV'  through Satellite Feed, Live Streaming, Website, any kind of Mobile Device, OTT, Smart TV etc.  

Somoy TV has the sole rights of all contents and it does not give permission to any business entity or individual to use these contents except ?SOMOY TV (SOMOY Media Limited).

Website: http://www.somoynews.tv
Facebook: http://www.facebook.com/somoynews.tv
Twitter: http://www.twitter.com/somoytv 

#somoytv #somoynews #somoytvbulletin #news #banglanews 
",Diverse,9210000,3479995315,84574,,Company/brand
UCQvDQMRwjUJauII1qe_XphA,Rafa Gonzalez Gouveia,"hola mundo! soy Rafa y trabajo como Data Scientist. En este canal aprendemos programaci�n DATA SCIENCE con R y Python. Te ayudo a completar tus proyectos en Ciencia de Datos. Espero con este contenido ayudarte a conocer m�s la profesi�n de cient�fico de datos para ayudarte a decidir si esto puede ser para ti.

 - OK Rafa ch�vere/chido/guay, pero de que va tu canal?

En este canal va de data science o ciencia de datos y programaci�n computacional, en particular sobre:
* An�lisis de datos 
* gr�ficas 
* visualizacion 
* R 
* Python 
*  Modelos estad�sticos 
* Cient�fico de datos o data scientist

Si te interesa el mundo de data science este es tu canal, porque voy a ense�arte lo que s� sobre ciencia de datos.

Recuerda suscribirte para tener m�s informaci�n que ir� publicando en los nuevos videos!

Espero que el contenido de este canal sea de utilidad para tu desarrollo profesional seas estudiante o trabajes en ciencia de datos! Te mando un saludo donde quiera que est�s!",Data Science,79500,5067305,112,,Individual
UCKWaEZ-_VweaEx1j62do_vQ,IBM Technology,"Whether it�s AI, automation, cybersecurity, data science, DevOps, quantum computing or anything in between, we provide educational content on the biggest topics in tech. Subscribe to build your skillset, learn about new trends, and gain insights from IBM experts. 

This channel follows the IBM Social Computing Guidelines.

",Diverse,1470000,98237377,1475,,Company/brand
UC3ad_iYh770-UWICfTI50BQ,Ruchi Awasthi,"Everyday rants and how I deal with them. A typical 9-5 person, living her real life after 5, lol!

",Diverse,6500,2024134,39,,Individual
UCxladMszXan-jfgzyeIMyvw,Rob Mulla,"Learning is fun when you are driven by curiosity. I create videos that showcase what is possible with data science and programming, hopefully sparking that very curiosity.

I try to take a diverse approach to the content I create:
- Short videos that teach one specific concept.
- Tutorials that show what is possible with various python packages or machine learning models.
- Live coding streams where the topics are driven by the chat and community.

Links to my stuff:
* Youtube: https://youtube.com/@robmulla?sub_confirmation=1
* Discord: https://discord.gg/HZszek7DQc
* Twitch: https://www.twitch.tv/RobCodesLIVE
* Twitter: https://twitter.com/Rob_Mulla
* Kaggle: https://www.kaggle.com/robikscube
* Instagram https://www.instagram.com/datasciencerob/reels/
",Data Science,216000,15271185,166,,Individual
UC-e2aGRMGMl67MDJoqcj19Q,Eye on Tech,"Eye on Tech focuses on the latest business technology and IT topics, including AI, cybersecurity, networking, cloud, storage, sustainability and more. Programmed strategically to inform the business tech buying cycle, Eye on Tech features insight and commentary from the writers, editors and experts from TechTarget's editorial department. ",Diverse,124000,23254761,1425,,Individual
UC2WFenh004M5FeEzTYo75tA,Afi Global Education,"Afi Escuela ahora es Afi Global Education.

Afi Global Education, desde 1994, es un centro de formaci�n de referencia, especializado en econom�a, finanzas, tecnolog�a, sostenibilidad y gesti�n del talento.

A lo largo de estos a�os, hemos contribuido a la incorporaci�n al mundo financiero de reci�n licenciados, a trav�s de nuestros programas m�ster, hemos apoyado el desarrollo directivo de profesionales, tanto de entidades financieras como de grandes empresas industriales y hemos dado respuesta a las necesidades de formaci�n de los departamentos de recursos humanos de m�s de un centenar de compa��as.

La formaci�n que se imparte en Afi Global Education tiene un rasgo diferenciador: su car�cter eminentemente pr�ctico. Contamos con un cuadro de profesores integrado por profesionales de reconocido prestigio que a�nan una doble condici�n, rigor acad�mico y conocimiento pr�ctico aplicado. Este sello diferenciador confiere a nuestros programas su elevado nivel t�cnico.
",Diverse,29900,3202355,692,,Company/brand
UCoincaYNa5FBdi-I5oqHAMw,LeCoinStat,"LeCoinStat est une cha�ne ayant pour but de vulgariser les m�tiers du monde de la data.
Vous trouverez sur cette cha�ne des vid�os sur:

-Des concepts et m�thodes du monde de la data;
-Des tutoriels sur des logiciels utilis�s pour travailler sur les donn�es;
-Des interviews avec des professionnels de divers secteurs d'activit�;
-Des conseils pour obtenir un emploi, un stage, une alternance etc.


",Diverse,65200,3531525,776,,Individual
UCfsND7mZbiAbqZYjyT5V26g,INTTRVU,"At INTTRVU.ai, we're your dedicated partners in data science success. Our YouTube channel offers simplified tutorials covering data science, machine learning, data visualization, python and more for all levels. Elevate your interview skills from resumes to mock interviews. Boost confidence and achieve your dream data science career! 

?????????? ??????????????.????�?? ???????? ?????????????? ?????? ???? ?????????????????????????? ??????????????
Join programs led by Rohit Mande, ex-Chief Data Scientist at Barclays, with over 10 years of data science experience. 
?????????? ?????????????? ?????? ???? ??????????????????????????:Our comprehensive program covers Python, Math, Statistics, deep learning and Generative AI. This is a hands-on focused program where 20+ data science projects are built during live classes.
???????????????????? ??????????????????????:Designed to ace data science interviews. Open to those with data science knowledge. Includes 3 industry projects, live sessions, and mock interviews with experts. Prepare to succeed!
Subscribe to INTTRVU.ai's YouTube channel Now!


",Data Science,2390,322018,280,,Individual
UCOQDdjPiHB1X6MJSPNdr1ng,Tech Stories in 2 Minutes,"Learn everything about your dream role or entrepreneurial journey in just 2 minutes! On this channel, we share interviews with tech professionals and successful entrepreneurs who reveal how they landed their roles, built their businesses, what they earn, and their top career and business insights. Plus, stay updated with the latest tech job postings�all in concise, 2-minute videos.

If you're working in tech or running a business and want to share your journey or advice, reach out to us�we'd love to do a quick interview with you. Send us an email at adityasharma@hicounselor.com
",Diverse,69000,27736726,298,,Individual
UCBEAb12YsBDcCtdfxNWzNHQ,The Street Wire,,Not Available,1150,915019,180,,Company/brand
UCzDNsDnN55mXW65zSGAnHeQ,Purwadhika Digital Technology School,"Since 1987, Purwadhika Digital Technology School aims to support the development of digital movement through education. Purwadhika aspire to spawn new talents with digital skills from coding, digital marketing, data science, product management, UI/UX design, and visual design to be able to contribute in advancing the Digital Ecosystem in Indonesia or globally.

Purwadhika TV is an official Youtube channel of Purwadhika Digital Technology School.

Website : 
https://purwadhika.com/?utm_source=youtube&utm_medium=profile&utm_campaign=linkweb&utm_content=homepagepwdk 

Instagram:
https://www.instagram.com/purwadhikaschool/

WhatsApp:
wa.me/6285186029606

TikTok:
https://www.tiktok.com/@purwadhikaschool

FB Page:
https://www.facebook.com/purwadhikadigitalschool

LinkedIn:
https://www.linkedin.com/school/purwadhika/ 

Spotify & Apple Podcast:
Purwadhika Podclass

X:
https://x.com/purwadhikaclass

Medium:
https://medium.com/purwadhikaconnect
",Diverse,73300,7745952,981,,Individual
UCSDPSK2FGdBZYkg__aE1twg,Shailja Mishra,"I'm Shailja Mishra, a Data & Applied Scientist 2 at Microsoft with a passion for simplifying data careers.
I have mentored and taught more than 5000+ students in data domain

This channel is your go-to place if you're looking to build a strong foundation in Data & AI, prepare for interviews, and grow your career in the world of data.

?? What You�ll Find Here:

* Interview Prep Tips & Questions

* Skills & Tool Tutorials 

* Career Guidance for Data Analysts, Data Scientists & Data Engineers

Real Talk on Working in Big Tech

* Insights from Industry Experience

?? Hit Subscribe and let�s grow your data journey�step by step!

Disclaimer: The Views presented in this Video are solely mine. I am not representing any Company or organization. I am only telling my opinions not talking on behalf of any org.
",Data Science,783,131356,3,,Individual
UCAaklfxjPXBPdhxTVQUHweA,Co-Coder,"Coding tutorials, tech roadmaps, and everything you need to level up. ????",Diverse,1940,1131862,178,,Individual
UCvAgIbgiTX0iXUg02biu7Fw,Hochschule Karlsruhe,"Der offizielle Youtube-Kanal der Hochschule Karlsruhe.
Wir stellen hier Projekte von Studierenden vor, geben Einblick in spannende Forschungsprojekte, berichten von Veranstaltungen und zeigen, was alles auf dem Campus und dar�ber hinaus los ist.

Infos zu unseren Studienangeboten finden Sie hier:

https://www.h-ka.de

Bei Fragen rund um die Videos k�nnen Sie uns gerne kontaktieren, via E-Mail an:

video.pr(�tt)h-ka.de

oder per Post an:

Hochschule Karlsruhe (Die HKA)
Abteilung Presse und Kommunikation
Videoredaktion
Moltkestra�e 30
76133 Karlsruhe

Impressum:
https://www.h-ka.de/impressum
",Diverse,4340,1232078,338,,Company/brand
UCHEEZf5xSxfQD_t0o0pUaaw,Maggie In Data,"Navigating my 20s in Toronto as a data scientist working in tech. 

I also share daily data science content on instagram @maggieindata :)",Data Science,6150,5033913,204,,Individual
UCRdJBGp9r9ORl3Svd053IHA,The Incubator Hub,"Deliberate and strategic impact to lives and communities through Educational advancement, technological Education and Innovation.",Diverse,53000,2804370,684,,Company/brand
UCDR66fGjZxvdZl7g3x0xbWw,Uncodemy,"Uncodemy is among a couple of driving organizations in Delhi, Noida, NCR, India that give undeniable preparation in Data Science, Machine learning, Python programming, Tableau, Deep Learning, and Artificial Intelligence. We at the college target producing quality experts who can withstand the developing contest and rising intricacies in the innovative world. We are growing and leading the company of Delhi, Noida, NCR, India

THE UNCODEMY is an Educational and Professional improvement Organization established to propel the product and IT calling by advancing and perceiving demonstrable skills through training, counselling, gatherings and accreditation. 

Our objective is your preparation and Skilled Development. We at UNCODEMY centre around giving you the best aggregate interface and understudy support to guarantee that you get back to the get-togethers stage.
",Data Science,3630,372532,695,,Company/brand
UC9JWnvl5ZjZv09F5RqiLptw,SCALER,"SCALER, a school #wherethehungrylearn to enhance their coding skills and build a successful career in technology.

Programs designed for learners:

SCALER Academy: Industry-vetted curriculum, live classes from experts, 1:1 mentor guidance, and real-world projects

SCALER DSML: Advanced learning in DSML and Data Analytics, 80+ real-world case studies, 1:1 career guidance. Advanced AI&ML program with 50+ real-world AI projects and AI-assisted problem-solving support

SCALER School of Technology: Designed in collaboration with industry experts, 1-year paid internship, 1:1 mentorship, and 50+ real-world products for practical experience

SCALER School of Business: B-School built by Industry leaders for PGP in Management & Tech, learn tech skills using AI and build your own business with Scaler�s Innovation Lab

Join the SCALER community today to fuel your hunger for tech learning and career growth

Take the hunger test now: https://bit.ly/Scaler_ExploreNow
",Diverse,337000,52224655,1987,,Individual
UCVe8CMJF4caRzuckVYV8CaQ,Nishant Chahar,"Building Tayyari and Algoprep! ??

I am an Ex ex-Software Engineer @Microsoft, graduated from NSIT. 

I have interned at Samsung Research Institute Bangalore in the Network R&D team and I have won Smart India Hackathon'20. 

I love to paint, cook, and code.

For collaboration/commercial contact at
Email : contact.nishant11@gmail.com


**All the views on the channel are of my own; I do not represent any organisation or company. ",Diverse,563000,88566931,806,,Individual
UCAa5onWbr4nQI3C71bRkk7Q,ANKIT,,Not Available,131,116046,7,,Individual
UC9EM16FgJ0yxKW8j9NBpOyQ,Coding With Sagar,"New in Data-Science/AI/ML/Analytics? Join us for a fun and practical journey into the coding world, Master Programming languages and its essentials through real life scenarios. ",Data Science,433000,194,37670512,,Individual
UCxTlZrcW5kbq86ClNxzf5Tw,Coding knowledge ,"Official Channel of  Coding_knowledge.
?? What You�ll Learn Here: 
? Power BI, AI & Data Analytics
? JavaScript & Full-Stack Development
? Career & Placement Guidance
? Exclusive Tech Workshops & Webinars
",Diverse,3900,50,1274630,,Company/brand
UCPk2s5c4R_d-EUUNvFFODoA,Gohar Khan,"An MIT grad helping you survive college and life!

Hi! My name is Gohar Khan, and I graduated from MIT with a BSc in Computer Science, Economics, and Data Science, as well as in Business Analytics. On this channel, you can find my best study tips, college application advice, and life hacks.

Feel free to DM me on Instagram if you have any questions!
",Data Science,7210000,708,4855424735,,Individual
UCfQk5qGOEO5cPPDFlQe2lFQ,Your Average Tech Bro,"Always building stuff: Tech, Coding, AI
",Data Science,326000,102,11854119,,Individual
UCObs0kLIrDjX2LLSybqNaEA,Great Learning,"Great Learning is a global ed-tech company that provides professional and higher education programs, with a focus on online and blended learning. They offer courses and certificate programs in various domains like AI, Gen AI, technology, data science, and business, often in collaboration with top universities, including IITs, MIT Professional Education, Texas McCombs at UT Austin, JHU, Northwestern University, Deakin University & many more. Their goal is to help professionals enhance their skills and advance their careers. 

Great Learning aims to make quality education accessible to anyone who wants to learn. Great Learning Academy (https://www.mygreatlearning.com/academy), our commitment to aid free learning, offers 1200+ completely FREE courses in the most in-demand job domains. In addition to videos, you can earn certificates of completion, do assignments and projects, attend live sessions and interact with top faculty & industry experts.
",Diverse,980000,2252,75184809,,Company/brand
UCsvqVGtbbyHaMoevxPAq9Fg,Simplilearn,"Simplilearn is the world�s leading online training provider and has helped over 8 million professionals, and corporations acquire the skills they need to succeed in the digital economy. From artificial intelligence to cyber security, and from product management to software development, we work with the world�s leading universities, technology companies, and certification bodies to bring you the latest skills tied to the most rewarding careers. Whether you�re a recent graduate, seasoned professional, senior executive or manager looking to upskill your organization, we have the program for you. 
",Diverse,5720000,10179,492777963,,Individual
UCvmFLEdTaMlzghkCW1hESIA,geekyai,"Welcome to GeekyAI! Stay updated with the latest AI news, tools, and innovations. Join us to explore the future of AI and stay ahead in the tech world. Subscribe now!
",Data Science,631,18,10362,,Company/brand
UC68KSmHePPePCjW4v57VPQg,Python Programmer,"Hi I'm Giles, I make videos about learning ?? I have a degree in physics, a post graduate certificate in Data Science and am a former medical physics researcher and before all that I was a financial journalist. 

I share the best evidence based learning techniques to help you learn anything you want.



",Data Science,766000,225,49145036,,Individual
UCn8ujwUInbJkBhffxqAPBVQ,Dave Ebbelaar,"Hi! I�m Dave, an AI Engineer and founder of Datalumina�.

On this channel, I share practical tutorials that show developers how to build production-ready AI systems.

My goal is to cut through the hype and avoid unnecessary complexity, focusing instead on engineering principles that actually last.

I also help developers kick-start their freelance careers.

Check out the links below to learn more!",Data Science,223000,103,7657177,,Individual
UCn1USB9-5UqKJTSHd1JGcVw,BEPEC,"30,000+ Enrolled Learners | 15,000+ Successful Career Transitions
Join thousands who have transitioned into Data Analytics, Data Science, AI, Data Engineering, and Generative AI � whether you�re a working professional, returning after a career gap, a faculty member, or a fresher.

Struggling to secure a job in India, the USA, UK, Canada, or the UAE?
We help students, professionals, and even homemakers land roles in Data Analytics, Data Science, Machine Learning, Data Engineering, Generative AI, and AI across these countries.

Our implementation-based learning with internship courses helps you build a strong portfolio to bridge the gap between industry expectations and your skills.

? Get a customised career transition plan!
?? WhatsApp/Call us: +91 96444 66222
?? Or schedule a 1-on-1 call with Kanth: https://bepec.in/registration-form/
",Diverse,130000,843,20503875,,Company/brand
UC-rIdcf42QtppsaiN8oAZ9Q,Stephen | Data ,"Data Engineer | Data Architect 

I share what I know about data through 

?? projects 
 ??tutorials and 
?? challenges

...that includes

? SQL
? Excel 
? Spark 
? Python
? Power BI

... and many more!! ?? 






",Data Science,14600,399,570173,,Individual
